model_name,trained_on,predicted_on,prediction_data_type,variable,permutation_importance,permutation_importance_abs,permutation_importance_standardized,permutation_importance_standardized_abs,permutation_importance_direction,ranger_impurity_importance,ranger_impurity_importance_standardized
random_forest,MLB,MLB,test,age,0.3105180216789961,0.3105180216789961,1,1,worsened,378.2333114404265,1
random_forest,MLB,MLB,test,lefty,0.001458637808334995,0.001458637808334995,0.004697433664068907,0.004697433664068907,worsened,10.478769843412099,0.02770451339546425
random_forest,MLB,MLB,test,games,-0.009021078720398257,0.009021078720398257,-0.029051707439138486,0.029051707439138486,improved,75.51271862705292,0.19964587026847982
random_forest,MLB,MLB,test,games_started,0.023350257160097754,0.023350257160097754,0.07519775191739604,0.07519775191739604,worsened,115.78037458374529,0.30610834921656876
random_forest,MLB,MLB,test,games_finished,0.003958616690486971,0.003958616690486971,0.012748428155900292,0.012748428155900292,worsened,14.379454370364229,0.03801741923682748
random_forest,MLB,MLB,test,complete_games,-0.0042787980631410205,0.0042787980631410205,-0.013779548252965198,0.013779548252965198,improved,31.552138510983603,0.08341977704402488
random_forest,MLB,MLB,test,shutouts,3.175953415164856e-4,3.175953415164856e-4,0.0010227919777384316,0.0010227919777384316,worsened,22.411732344008545,0.05925372426521056
random_forest,MLB,MLB,test,saves,1.3488131392069835e-5,1.3488131392069835e-5,4.3437515539801575e-5,4.3437515539801575e-5,worsened,1.193945836990412,0.0031566385108797164
random_forest,MLB,MLB,test,holds,1.9769948992515163e-4,1.9769948992515163e-4,6.366763798641202e-4,6.366763798641202e-4,worsened,2.0855590947427407,0.005513948749781722
random_forest,MLB,MLB,test,innings_pitched,0.031362726630215554,0.031362726630215554,0.10100130891158829,0.10100130891158829,worsened,201.19985133668675,0.5319464078149464
random_forest,MLB,MLB,test,batters_faced,0.0039256764662994326,0.0039256764662994326,0.012642346634417486,0.012642346634417486,worsened,145.43519036460958,0.3845118501349036
random_forest,MLB,MLB,test,wins,0.018739937382539873,0.018739937382539873,0.060350562847243175,0.060350562847243175,worsened,132.28644029096026,0.3497482540265256
random_forest,MLB,MLB,test,losses,-0.004313535292068127,0.004313535292068127,-0.013891416893436625,0.013891416893436625,improved,57.90720422401216,0.153099165177927
random_forest,MLB,MLB,test,era,-0.009544788332331966,0.009544788332331966,-0.03073827496620815,0.03073827496620815,improved,160.1208407295777,0.42333881201470397
random_forest,MLB,MLB,test,hits_per_9,0.0059860923400058,0.0059860923400058,0.0192777614247267,0.0192777614247267,worsened,132.6550695644687,0.35072286219127075
random_forest,MLB,MLB,test,home_runs_per_9,-0.001364011362717299,0.001364011362717299,-0.00439269629293005,0.00439269629293005,improved,52.46434672414444,0.13870895327633725
random_forest,MLB,MLB,test,strikeouts_per_9,0.04911221124966314,0.04911221124966314,0.1581621929191402,0.1581621929191402,worsened,176.14672302554996,0.4657091739348132
random_forest,MLB,MLB,test,walks_per_9,0.00270576919699117,0.00270576919699117,0.008713726766520206,0.008713726766520206,worsened,101.33278218441279,0.2679107818359705
random_forest,MLB,MLB,test,intentional_walks,0.009559274565261344,0.009559274565261344,0.03078492679289135,0.03078492679289135,worsened,36.05248794058745,0.09531811939907857
random_forest,MLB,MLB,test,hit_by_pitch,-0.0023167576919418953,0.0023167576919418953,-0.007460944390328776,0.007460944390328776,improved,48.536176945334745,0.12832337998071705
random_forest,MLB,MLB,test,wild_pitches,-0.0012645493480538117,0.0012645493480538117,-0.004072386334346364,0.004072386334346364,improved,47.62197470484735,0.12590634739042023
random_forest,MLB,MLB,test,balks,-0.0016980935986710688,0.0016980935986710688,-0.0054685830776885,0.0054685830776885,improved,24.45166316690723,0.06464703776033878
random_forest,MLB,NPB,full_cross_league,age,0.28672103446032693,0.28672103446032693,1,1,worsened,378.2333114404265,1
random_forest,MLB,NPB,full_cross_league,lefty,-0.002795499084023878,0.002795499084023878,-0.009749891874119497,0.009749891874119497,improved,10.478769843412099,0.02770451339546425
random_forest,MLB,NPB,full_cross_league,games,0.005932868627816723,0.005932868627816723,0.0206921289851779,0.0206921289851779,worsened,75.51271862705292,0.19964587026847982
random_forest,MLB,NPB,full_cross_league,games_started,0.033464862777729754,0.033464862777729754,0.11671575767267339,0.11671575767267339,worsened,115.78037458374529,0.30610834921656876
random_forest,MLB,NPB,full_cross_league,games_finished,0.0024601399672169455,0.0024601399672169455,0.008580256317250944,0.008580256317250944,worsened,14.379454370364229,0.03801741923682748
random_forest,MLB,NPB,full_cross_league,complete_games,0.015193877019359814,0.015193877019359814,0.05299184640554219,0.05299184640554219,worsened,31.552138510983603,0.08341977704402488
random_forest,MLB,NPB,full_cross_league,shutouts,0.00979273488394572,0.00979273488394572,0.03415422556066678,0.03415422556066678,worsened,22.411732344008545,0.05925372426521056
random_forest,MLB,NPB,full_cross_league,saves,-1.378304585175627e-5,1.378304585175627e-5,-4.807127554383669e-5,4.807127554383669e-5,improved,1.193945836990412,0.0031566385108797164
random_forest,MLB,NPB,full_cross_league,holds,3.2321432899473646e-4,3.2321432899473646e-4,0.001127278051305507,0.001127278051305507,worsened,2.0855590947427407,0.005513948749781722
random_forest,MLB,NPB,full_cross_league,innings_pitched,0.052967066269128615,0.052967066269128615,0.1847338001162854,0.1847338001162854,worsened,201.19985133668675,0.5319464078149464
random_forest,MLB,NPB,full_cross_league,batters_faced,0.02069916456890908,0.02069916456890908,0.07219269631845997,0.07219269631845997,worsened,145.43519036460958,0.3845118501349036
random_forest,MLB,NPB,full_cross_league,wins,0.0579177088132492,0.0579177088132492,0.2020002087473745,0.2020002087473745,worsened,132.28644029096026,0.3497482540265256
random_forest,MLB,NPB,full_cross_league,losses,-8.153268261297253e-4,8.153268261297253e-4,-0.0028436240391792413,0.0028436240391792413,improved,57.90720422401216,0.153099165177927
random_forest,MLB,NPB,full_cross_league,era,0.039641246722323276,0.039641246722323276,0.13825719761696928,0.13825719761696928,worsened,160.1208407295777,0.42333881201470397
random_forest,MLB,NPB,full_cross_league,hits_per_9,0.010712060467037876,0.010712060467037876,0.03736056717010793,0.03736056717010793,worsened,132.6550695644687,0.35072286219127075
random_forest,MLB,NPB,full_cross_league,home_runs_per_9,9.21957957870867e-4,9.21957957870867e-4,0.0032155225709414657,0.0032155225709414657,worsened,52.46434672414444,0.13870895327633725
random_forest,MLB,NPB,full_cross_league,strikeouts_per_9,0.03069748177987608,0.03069748177987608,0.10706393354661126,0.10706393354661126,worsened,176.14672302554996,0.4657091739348132
random_forest,MLB,NPB,full_cross_league,walks_per_9,0.03293495125948731,0.03293495125948731,0.11486757963704425,0.11486757963704425,worsened,101.33278218441279,0.2679107818359705
random_forest,MLB,NPB,full_cross_league,intentional_walks,-0.0019093915197212485,0.0019093915197212485,-0.006659405101949183,0.006659405101949183,improved,36.05248794058745,0.09531811939907857
random_forest,MLB,NPB,full_cross_league,hit_by_pitch,-0.003135581376472074,0.003135581376472074,-0.010936000500883862,0.010936000500883862,improved,48.536176945334745,0.12832337998071705
random_forest,MLB,NPB,full_cross_league,wild_pitches,-0.004746051441169241,0.004746051441169241,-0.016552854066330957,0.016552854066330957,improved,47.62197470484735,0.12590634739042023
random_forest,MLB,NPB,full_cross_league,balks,2.542613714283659e-4,2.542613714283659e-4,8.867900881668575e-4,8.867900881668575e-4,worsened,24.45166316690723,0.06464703776033878
random_forest,NPB,NPB,test,age,0.20691500540842794,0.20691500540842794,1,1,worsened,151.9911971449169,1
random_forest,NPB,NPB,test,lefty,0.0012414493586999087,0.0012414493586999087,0.00599980342773798,0.00599980342773798,worsened,5.790605417805571,0.03809829468139845
random_forest,NPB,NPB,test,games,0.030612830070756603,0.030612830070756603,0.14794881603840268,0.14794881603840268,worsened,57.20490350289733,0.37636984626389236
random_forest,NPB,NPB,test,games_started,0.003861517406336279,0.003861517406336279,0.018662336251129102,0.018662336251129102,worsened,70.2252093198836,0.46203471410865304
random_forest,NPB,NPB,test,games_finished,-9.653478303179308e-4,9.653478303179308e-4,-0.004665431723583498,0.004665431723583498,improved,4.906943413705853,0.032284392161391416
random_forest,NPB,NPB,test,complete_games,0.005139678769284894,0.005139678769284894,0.024839565207654814,0.024839565207654814,worsened,46.54242409481897,0.30621789267468447
random_forest,NPB,NPB,test,shutouts,0.0036419889553599982,0.0036419889553599982,0.017601376701371196,0.017601376701371196,worsened,32.9269634384633,0.21663730569257172
random_forest,NPB,NPB,test,saves,2.6223280818471473e-5,2.6223280818471473e-5,1.267345534786592e-4,1.267345534786592e-4,worsened,0.2893363712652673,0.0019036390047602416
random_forest,NPB,NPB,test,holds,6.875860407627443e-4,6.875860407627443e-4,0.003323036139430891,0.003323036139430891,worsened,3.2260811956921414,0.021225447633103484
random_forest,NPB,NPB,test,innings_pitched,0.1114904515540956,0.1114904515540956,0.5388224567571861,0.5388224567571861,worsened,123.13915604303529,0.8101729465662906
random_forest,NPB,NPB,test,batters_faced,0.06240167526542295,0.06240167526542295,0.3015811982424801,0.3015811982424801,worsened,106.93437941998721,0.7035563995066767
random_forest,NPB,NPB,test,wins,0.11069735694883981,0.11069735694883981,0.5349895080365735,0.5349895080365735,worsened,113.23665247422866,0.7450211236000892
random_forest,NPB,NPB,test,losses,5.10814026037032e-4,5.10814026037032e-4,0.002468714267622786,0.002468714267622786,worsened,40.56557280178629,0.2668942252169302
random_forest,NPB,NPB,test,era,0.01890307163282079,0.01890307163282079,0.09135669786494295,0.09135669786494295,worsened,66.12149549965939,0.4350350332237693
random_forest,NPB,NPB,test,hits_per_9,-5.011037294983534e-4,5.011037294983534e-4,-0.0024217853534074466,0.0024217853534074466,improved,49.630120415942045,0.32653286077233745
random_forest,NPB,NPB,test,home_runs_per_9,-1.7758176132903758e-4,1.7758176132903758e-4,-8.58235298008041e-4,8.58235298008041e-4,improved,42.854407356668965,0.2819532194078923
random_forest,NPB,NPB,test,strikeouts_per_9,0.021435684492114193,0.021435684492114193,0.1035965683097872,0.1035965683097872,worsened,51.65802061169171,0.33987508212359213
random_forest,NPB,NPB,test,walks_per_9,0.0036971272110539743,0.0036971272110539743,0.017867854502655538,0.017867854502655538,worsened,76.42972882943097,0.5028562855292112
random_forest,NPB,NPB,test,intentional_walks,5.896356184576512e-4,5.896356184576512e-4,0.0028496513208105616,0.0028496513208105616,worsened,10.729263218436774,0.07059134620939195
random_forest,NPB,NPB,test,hit_by_pitch,0.0018253514725648512,0.0018253514725648512,0.00882174528116897,0.00882174528116897,worsened,26.133925024122313,0.1719436751274797
random_forest,NPB,NPB,test,wild_pitches,0.0039439775405374355,0.0039439775405374355,0.019060858021159213,0.019060858021159213,worsened,23.22006287874651,0.15277241915929649
random_forest,NPB,NPB,test,balks,0.002540994704718691,0.002540994704718691,0.012280379084653821,0.012280379084653821,worsened,6.366902971382962,0.04188994554278299
random_forest,NPB,MLB,full_cross_league,age,0.13842735222750024,0.13842735222750024,1,1,worsened,151.9911971449169,1
random_forest,NPB,MLB,full_cross_league,lefty,1.6127911569940867e-4,1.6127911569940867e-4,0.0011650812726256036,0.0011650812726256036,worsened,5.790605417805571,0.03809829468139845
random_forest,NPB,MLB,full_cross_league,games,0.0588391889042692,0.0588391889042692,0.4250546438796949,0.4250546438796949,worsened,57.20490350289733,0.37636984626389236
random_forest,NPB,MLB,full_cross_league,games_started,0.006646795558005292,0.006646795558005292,0.048016489884755785,0.048016489884755785,worsened,70.2252093198836,0.46203471410865304
random_forest,NPB,MLB,full_cross_league,games_finished,0.0019149063931704902,0.0019149063931704902,0.013833294954767409,0.013833294954767409,worsened,4.906943413705853,0.032284392161391416
random_forest,NPB,MLB,full_cross_league,complete_games,0.0018364950801583735,0.0018364950801583735,0.013266851172159687,0.013266851172159687,worsened,46.54242409481897,0.30621789267468447
random_forest,NPB,MLB,full_cross_league,shutouts,0.001085980904991235,0.001085980904991235,0.007845132392668073,0.007845132392668073,worsened,32.9269634384633,0.21663730569257172
random_forest,NPB,MLB,full_cross_league,saves,1.4782507746335938e-5,1.4782507746335938e-5,1.0678892219249727e-4,1.0678892219249727e-4,worsened,0.2893363712652673,0.0019036390047602416
random_forest,NPB,MLB,full_cross_league,holds,2.3693069742314332e-4,2.3693069742314332e-4,0.0017115887403073092,0.0017115887403073092,worsened,3.2260811956921414,0.021225447633103484
random_forest,NPB,MLB,full_cross_league,innings_pitched,0.07249788001127533,0.07249788001127533,0.5237251081139495,0.5237251081139495,worsened,123.13915604303529,0.8101729465662906
random_forest,NPB,MLB,full_cross_league,batters_faced,0.03625218307966005,0.03625218307966005,0.26188598204263075,0.26188598204263075,worsened,106.93437941998721,0.7035563995066767
random_forest,NPB,MLB,full_cross_league,wins,0.11350257760362925,0.11350257760362925,0.8199432827198194,0.8199432827198194,worsened,113.23665247422866,0.7450211236000892
random_forest,NPB,MLB,full_cross_league,losses,0.004112483617897178,0.004112483617897178,0.02970860564564193,0.02970860564564193,worsened,40.56557280178629,0.2668942252169302
random_forest,NPB,MLB,full_cross_league,era,0.02445249649858028,0.02445249649858028,0.17664497734807139,0.17664497734807139,worsened,66.12149549965939,0.4350350332237693
random_forest,NPB,MLB,full_cross_league,hits_per_9,0.023696596358117605,0.023696596358117605,0.17118435032386609,0.17118435032386609,worsened,49.630120415942045,0.32653286077233745
random_forest,NPB,MLB,full_cross_league,home_runs_per_9,0.0027763946733455613,0.0027763946733455613,0.020056691316197823,0.020056691316197823,worsened,42.854407356668965,0.2819532194078923
random_forest,NPB,MLB,full_cross_league,strikeouts_per_9,0.035562589502387665,0.035562589502387665,0.2569043540177079,0.2569043540177079,worsened,51.65802061169171,0.33987508212359213
random_forest,NPB,MLB,full_cross_league,walks_per_9,0.015415761249522042,0.015415761249522042,0.11136354919356406,0.11136354919356406,worsened,76.42972882943097,0.5028562855292112
random_forest,NPB,MLB,full_cross_league,intentional_walks,-0.00165766169808379,0.00165766169808379,-0.011974957776837948,0.011974957776837948,improved,10.729263218436774,0.07059134620939195
random_forest,NPB,MLB,full_cross_league,hit_by_pitch,-7.453320271441077e-4,7.453320271441077e-4,-0.005384282911943458,0.005384282911943458,improved,26.133925024122313,0.1719436751274797
random_forest,NPB,MLB,full_cross_league,wild_pitches,0.001584360241696725,0.001584360241696725,0.011445427628297675,0.011445427628297675,worsened,23.22006287874651,0.15277241915929649
random_forest,NPB,MLB,full_cross_league,balks,-7.515301311618039e-4,7.515301311618039e-4,-0.005429058051523603,0.005429058051523603,improved,6.366902971382962,0.04188994554278299
