model_name,trained_on,predicted_on,variable,permutation_importance,permutation_importance_standardized,coefficient,standardized_coefficient,p_value
linear_regression,NPB,NPB,age,967346334054189.5,0.026831627935988308,4877502.6012977995,0.2999077897421808,2.1982937239296475e-144
linear_regression,NPB,NPB,lefty,245745458801,6.816328842507199e-6,-1164103.6627594647,-0.007446481269589654,0.5011315924712483
linear_regression,NPB,NPB,games,594474077702253.5,0.016489138076997284,-970762.9349039046,-0.2368380165484486,1.3157863109629662e-6
linear_regression,NPB,NPB,games_started,508145023149354,0.014094598510055296,-1986604.8924300745,-0.21961956191497586,0.008491581249405418
linear_regression,NPB,NPB,games_finished,63396684627614.5,0.001758456298866846,-628239.5074930456,-0.07231798901138717,0.08981345785635131
linear_regression,NPB,NPB,complete_games,57302277956338,0.0015894135821709913,6013619.320845232,0.07842610135460308,6.296224830730468e-4
linear_regression,NPB,NPB,shutouts,30633175777878.5,8.496832479066605e-4,7806089.25698859,0.05303939974732548,0.006614828470197159
linear_regression,NPB,NPB,saves,1468141179270534.5,0.040722351957022423,5342186.789072618,0.3743211396817338,1.3989498308355744e-35
linear_regression,NPB,NPB,holds,358953571373814,0.009956422363261747,1800162.8589496932,0.18121611194405063,1.3672718576694492e-12
linear_regression,NPB,NPB,innings_pitched,36052465260846970,1,2926942.1790790684,1.845408221605176,4.791526038830593e-10
linear_regression,NPB,NPB,batters_faced,18032091427159924,0.5001625075204719,-502763.4941871367,-1.3040516707612881,7.193950589586448e-5
linear_regression,NPB,NPB,wins,342005388049884.5,0.009486324598759211,3701936.474702615,0.16635594316417293,2.4991386616256026e-9
linear_regression,NPB,NPB,losses,10898713061005,3.023014648832078e-4,1051428.2544074953,0.041374318292095966,0.09983326620918592
linear_regression,NPB,NPB,era,124449415102.5,3.4518975110878825e-6,-16633.536971814363,-0.0011329449889138283,0.9627691521016688
linear_regression,NPB,NPB,hits_per_9,1930135214319.5,5.353684416182296e-5,203253.66168135306,0.013545294898278592,0.5359622957176722
linear_regression,NPB,NPB,home_runs_per_9,43858062920,1.216506627291031e-6,64490.55571110845,0.001208872777629611,0.9238474800591374
linear_regression,NPB,NPB,strikeouts_per_9,18010685411139,4.995687612713306e-4,1154599.77490453,0.041616212019329434,2.2626421665230645e-4
linear_regression,NPB,NPB,walks_per_9,4848133258132.5,1.3447438956130359e-4,519019.88312930265,0.021876599570302465,0.11418510416954496
linear_regression,NPB,NPB,earned_runs,38891247251225,0.0010787403016642237,-252681.53794876183,-0.05832282711874996,0.2216039910975432
linear_regression,NPB,NPB,intentional_walks,-157496189422.5,-4.3685275967394415e-6,-281762.37824080436,-0.004116673389325012,0.7388651018260419
linear_regression,NPB,NPB,hit_by_pitch,3825216989284.5,1.0610139865910061e-4,781223.2799815447,0.023141825629520472,0.12431721555168879
linear_regression,NPB,NPB,wild_pitches,2856713907437.5,7.923768559982209e-5,-791578.9689075446,-0.018995546750071157,0.15842844142653187
linear_regression,NPB,NPB,balks,11630701362629,3.226048837015304e-4,-6358359.088830925,-0.02879867983877695,0.008850286754762024
linear_regression,NPB,MLB,age,-154283591033247,-0.004105176831961043,4877502.6012977995,0.2999077897421808,2.1982937239296475e-144
linear_regression,NPB,MLB,lefty,-2862963992787,-7.617772813827748e-5,-1164103.6627594647,-0.007446481269589654,0.5011315924712483
linear_regression,NPB,MLB,games,1713912825684103.5,0.04560378182073217,-970762.9349039046,-0.2368380165484486,1.3157863109629662e-6
linear_regression,NPB,MLB,games_started,1613929824086653.5,0.042943434735219194,-1986604.8924300745,-0.21961956191497586,0.008491581249405418
linear_regression,NPB,MLB,games_finished,325933967948064.5,0.008672448994794234,-628239.5074930456,-0.07231798901138717,0.08981345785635131
linear_regression,NPB,MLB,complete_games,-73845058712006.5,-0.0019648688635592235,6013619.320845232,0.07842610135460308,6.296224830730468e-4
linear_regression,NPB,MLB,shutouts,-48541154125008.5,-0.0012915827274703104,7806089.25698859,0.05303939974732548,0.006614828470197159
linear_regression,NPB,MLB,saves,371380131010411.5,0.00988168021929216,5342186.789072618,0.3743211396817338,1.3989498308355744e-35
linear_regression,NPB,MLB,holds,100892756747497.5,0.00268455384489498,1800162.8589496932,0.18121611194405063,1.3672718576694492e-12
linear_regression,NPB,MLB,innings_pitched,37582690672924250,1,2926942.1790790684,1.845408221605176,4.791526038830593e-10
linear_regression,NPB,MLB,batters_faced,30023318864244500,0.7988602818657219,-502763.4941871367,-1.3040516707612881,7.193950589586448e-5
linear_regression,NPB,MLB,wins,-473521337225477,-0.012599452799866101,3701936.474702615,0.16635594316417293,2.4991386616256026e-9
linear_regression,NPB,MLB,losses,-135526394600910,-0.0036060854657899064,1051428.2544074953,0.041374318292095966,0.09983326620918592
linear_regression,NPB,MLB,era,-1244620774319.5,-3.311686183278421e-5,-16633.536971814363,-0.0011329449889138283,0.9627691521016688
linear_regression,NPB,MLB,hits_per_9,16281639011006,4.3322174967998776e-4,203253.66168135306,0.013545294898278592,0.5359622957176722
linear_regression,NPB,MLB,home_runs_per_9,1114960488931,2.9666861764483846e-5,64490.55571110845,0.001208872777629611,0.9238474800591374
linear_regression,NPB,MLB,strikeouts_per_9,-22232742440967,-5.915686727822329e-4,1154599.77490453,0.041616212019329434,2.2626421665230645e-4
linear_regression,NPB,MLB,walks_per_9,34205013074773.5,9.101267754470775e-4,519019.88312930265,0.021876599570302465,0.11418510416954496
linear_regression,NPB,MLB,earned_runs,310048688962701.5,0.008249773590214771,-252681.53794876183,-0.05832282711874996,0.2216039910975432
linear_regression,NPB,MLB,intentional_walks,10082677192178,2.6827981210621193e-4,-281762.37824080436,-0.004116673389325012,0.7388651018260419
linear_regression,NPB,MLB,hit_by_pitch,-68443953156021,-0.0018211562804716953,781223.2799815447,0.023141825629520472,0.12431721555168879
linear_regression,NPB,MLB,wild_pitches,66337362614539.5,0.0017651041324279377,-791578.9689075446,-0.018995546750071157,0.15842844142653187
linear_regression,NPB,MLB,balks,54865206432698.5,0.0014598530719947926,-6358359.088830925,-0.02879867983877695,0.008850286754762024
linear_regression,MLB,NPB,age,75828123072982,0.10205669662167519,309072.35076742707,0.29537645488660347,2.3870254288762767e-217
linear_regression,MLB,NPB,lefty,-711191625829,-9.571892993744365e-4,282468.6512880169,0.0342847104684254,1.036533855664776e-4
linear_regression,MLB,NPB,games,-29146083578841,-0.03922757004881762,-33603.4248415861,-0.1959148098724866,1.0782579469299378e-8
linear_regression,MLB,NPB,games_started,27711891412850,0.03729729789054658,64590.7473761808,0.18021175186824656,5.971106196987409e-4
linear_regression,MLB,NPB,games_finished,4457961646727,0.005999948579673965,15417.886735644508,0.04225167325808044,0.2052049129353262
linear_regression,MLB,NPB,complete_games,24750613213298,0.0333117281760861,458651.0842627074,0.05351365929224523,3.3540515952111365e-4
linear_regression,MLB,NPB,shutouts,6487602703169,0.008731632460980559,260581.38167638762,0.018030711936658436,0.1958456935485389
linear_regression,MLB,NPB,saves,30333300145065,0.040825438966220914,118627.33412150934,0.1944169867316168,1.2250982733754561e-17
linear_regression,MLB,NPB,holds,7221718238902,0.00971967493756213,42394.41985757768,0.07277810599588312,1.575535373087675e-4
linear_regression,MLB,NPB,innings_pitched,742999975337996,1,180795.22972676816,2.559324692918896,1.0040129551224691e-28
linear_regression,MLB,NPB,batters_faced,-392299607454578,-0.5279941056204183,-36674.81881523013,-2.1678425326589035,1.4948349276451806e-16
linear_regression,MLB,NPB,wins,20946907333990,0.02819233920493887,88496.65181298753,0.0897864872143346,8.614956061340814e-6
linear_regression,MLB,NPB,losses,-2790934560621,-0.003756305051492611,-17295.20952958777,-0.016165333423445036,0.41520749105241883
linear_regression,MLB,NPB,era,-16639498031,-2.2395018281703945e-5,154.392451378369,1.8042633154129992e-4,0.9931868339545782
linear_regression,MLB,NPB,hits_per_9,-3710488742383,-0.004993928486599306,32803.9842527433,0.037445298429231,0.03947321929682885
linear_regression,MLB,NPB,home_runs_per_9,521050551673,7.012793660403156e-4,-33639.82528824714,-0.011665882862803465,0.30790974956207323
linear_regression,MLB,NPB,strikeouts_per_9,4414940151373,0.005942046161394033,130298.95587582071,0.0920517260581614,6.510727395194702e-23
linear_regression,MLB,NPB,walks_per_9,-2099488197447,-0.0028256908036799434,24492.87639177293,0.0196117721392659,0.06340616418699442
linear_regression,MLB,NPB,earned_runs,-22423012646024,-0.030179022059622022,-26564.36069618642,-0.1694903303643482,1.120133017319499e-4
linear_regression,MLB,NPB,intentional_walks,-4669656551371,-0.006284867707090757,-137315.21855116697,-0.058798431994217096,2.025928537660189e-8
linear_regression,MLB,NPB,hit_by_pitch,1110608230443,0.0014947621363483577,12069.766935851532,0.008805370614656931,0.4595921955911947
linear_regression,MLB,NPB,wild_pitches,3140657211669,0.0042269950416085715,51642.86573870158,0.036057235375565745,0.0010432708141371223
linear_regression,MLB,NPB,balks,19987033400,2.6900449614292052e-5,31846.20727183995,0.004653582837796272,0.6051093761429225
linear_regression,MLB,MLB,age,2360526848831.003,0.013402785372282304,309072.35076742707,0.29537645488660347,2.3870254288762767e-217
linear_regression,MLB,MLB,lefty,27167141600.347656,1.542517375848453e-4,282468.6512880169,0.0342847104684254,1.036533855664776e-4
linear_regression,MLB,MLB,games,1130380414618.6553,0.006418163001902788,-33603.4248415861,-0.1959148098724866,1.0782579469299378e-8
linear_regression,MLB,MLB,games_started,859719036144.6064,0.004881380496738638,64590.7473761808,0.18021175186824656,5.971106196987409e-4
linear_regression,MLB,MLB,games_finished,56995045184.20801,3.236109592508013e-4,15417.886735644508,0.04225167325808044,0.2052049129353262
linear_regression,MLB,MLB,complete_games,80452067101.82324,4.5679708691141784e-4,458651.0842627074,0.05351365929224523,3.3540515952111365e-4
linear_regression,MLB,MLB,shutouts,6326492355.483398,3.5921056878433865e-5,260581.38167638762,0.018030711936658436,0.1958456935485389
linear_regression,MLB,MLB,saves,975701081438.2607,0.005539912493898084,118627.33412150934,0.1944169867316168,1.2250982733754561e-17
linear_regression,MLB,MLB,holds,135556810456.2793,7.696751414610738e-4,42394.41985757768,0.07277810599588312,1.575535373087675e-4
linear_regression,MLB,MLB,innings_pitched,176122110685492.44,1,180795.22972676816,2.559324692918896,1.0040129551224691e-28
linear_regression,MLB,MLB,batters_faced,127450851038145.05,0.7236504862568823,-36674.81881523013,-2.1678425326589035,1.4948349276451806e-16
linear_regression,MLB,MLB,wins,239622563975.5879,0.0013605478780769921,88496.65181298753,0.0897864872143346,8.614956061340814e-6
linear_regression,MLB,MLB,losses,9809742824.048828,5.569853089920344e-5,-17295.20952958777,-0.016165333423445036,0.41520749105241883
linear_regression,MLB,MLB,era,33603413.54199219,1.907961096491684e-7,154.392451378369,1.8042633154129992e-4,0.9931868339545782
linear_regression,MLB,MLB,hits_per_9,31226175545.870117,1.772984404078135e-4,32803.9842527433,0.037445298429231,0.03947321929682885
linear_regression,MLB,MLB,home_runs_per_9,1055651952.1894531,5.99386384867127e-6,-33639.82528824714,-0.011665882862803465,0.30790974956207323
linear_regression,MLB,MLB,strikeouts_per_9,257983849382.3506,0.0014648010313880555,130298.95587582071,0.0920517260581614,6.510727395194702e-23
linear_regression,MLB,MLB,walks_per_9,4317420193.592773,2.4513788625339298e-5,24492.87639177293,0.0196117721392659,0.06340616418699442
linear_regression,MLB,MLB,earned_runs,756391372389.7178,0.004294698544355018,-26564.36069618642,-0.1694903303643482,1.120133017319499e-4
linear_regression,MLB,MLB,intentional_walks,86046703530.72656,4.885627545333206e-4,-137315.21855116697,-0.058798431994217096,2.025928537660189e-8
linear_regression,MLB,MLB,hit_by_pitch,341943392.22265625,1.941513140466939e-6,12069.766935851532,0.008805370614656931,0.4595921955911947
linear_regression,MLB,MLB,wild_pitches,35747269787.45508,2.029686655941244e-4,51642.86573870158,0.036057235375565745,0.0010432708141371223
linear_regression,MLB,MLB,balks,752780872.2626953,4.2741985621950846e-6,31846.20727183995,0.004653582837796272,0.6051093761429225
