model_name,trained_on,predicted_on,variable,permutation_importance,permutation_importance_standardized
bagging,NPB,NPB,age,539701185565289.6,0.24693818664325973
bagging,NPB,NPB,lefty,3823676509359.375,0.0017495083738655387
bagging,NPB,NPB,games,14372355989385.75,0.006576015804176818
bagging,NPB,NPB,games_started,4798187068063.875,0.0021953919047292807
bagging,NPB,NPB,games_finished,44683608387439.625,0.020444811912567234
bagging,NPB,NPB,complete_games,0,0
bagging,NPB,NPB,shutouts,0,0
bagging,NPB,NPB,saves,2185571996383739.5,1
bagging,NPB,NPB,holds,632665996023176.1,0.28947387552091125
bagging,NPB,NPB,innings_pitched,29183452827998.5,0.013352775784227477
bagging,NPB,NPB,batters_faced,5036722149916.75,0.0023045327073418494
bagging,NPB,NPB,wins,896417632570.875,4.101524150447082e-4
bagging,NPB,NPB,losses,27637637787200.75,0.012645494100825848
bagging,NPB,NPB,era,4678692965725.75,0.0021407178411267823
bagging,NPB,NPB,hits_per_9,19788555075036.875,0.00905417671336343
bagging,NPB,NPB,home_runs_per_9,11677430691209.25,0.005342963174185429
bagging,NPB,NPB,strikeouts_per_9,18686614909793.25,0.008549988259692307
bagging,NPB,NPB,walks_per_9,14833720772995.125,0.006787111473581784
bagging,NPB,NPB,earned_runs,9615569319637.75,0.004399566491311075
bagging,NPB,NPB,intentional_walks,10836006616536.5,0.004957972848510971
bagging,NPB,NPB,hit_by_pitch,3588543257098.125,0.001641924065203869
bagging,NPB,NPB,wild_pitches,2190594946297.25,0.0010022982312739282
bagging,NPB,NPB,balks,831227403511.875,3.803248782868873e-4
bagging,NPB,MLB,age,-306452463526459,-1
bagging,NPB,MLB,lefty,13151417925001.5,0.0429150341089231
bagging,NPB,MLB,games,101236166266811.5,0.3303486782316919
bagging,NPB,MLB,games_started,18641482430325,0.060829931715381695
bagging,NPB,MLB,games_finished,156213414801847,0.5097476228588372
bagging,NPB,MLB,complete_games,0,0
bagging,NPB,MLB,shutouts,0,0
bagging,NPB,MLB,saves,84537791000569.5,0.2758593943992574
bagging,NPB,MLB,holds,2105071554011,0.00686916179360147
bagging,NPB,MLB,innings_pitched,301656950587796.5,0.9843515275306363
bagging,NPB,MLB,batters_faced,85989773553362.5,0.2805974295779749
bagging,NPB,MLB,wins,7450930875347.5,0.024313496421620995
bagging,NPB,MLB,losses,-11920938007651.5,-0.03889979499747846
bagging,NPB,MLB,era,27318141282855.5,0.08914316096041715
bagging,NPB,MLB,hits_per_9,-4601273288491.5,-0.01501463958077866
bagging,NPB,MLB,home_runs_per_9,44583881564386.5,0.145483841282735
bagging,NPB,MLB,strikeouts_per_9,-22520687608539,-0.0734883555817608
bagging,NPB,MLB,walks_per_9,8833887608949,0.02882629007870999
bagging,NPB,MLB,earned_runs,30033409216392.5,0.09800348436030577
bagging,NPB,MLB,intentional_walks,31278892397991.5,0.10206768135603808
bagging,NPB,MLB,hit_by_pitch,-294629283824,-9.614192049024328e-4
bagging,NPB,MLB,wild_pitches,-840813743125.5,-0.002743700388144879
bagging,NPB,MLB,balks,-146723599604,-4.787809434311561e-4
bagging,MLB,NPB,age,38050930624767,0.62349579617758
bagging,MLB,NPB,lefty,49097528070.5,8.045033814427221e-4
bagging,MLB,NPB,games,37517848151.5,6.147608013787516e-4
bagging,MLB,NPB,games_started,-42679094541,-6.993320687315502e-4
bagging,MLB,NPB,games_finished,4147791981081.5,0.06796498327796753
bagging,MLB,NPB,complete_games,0,0
bagging,MLB,NPB,shutouts,0,0
bagging,MLB,NPB,saves,61028367565656.5,1
bagging,MLB,NPB,holds,13875456402527,0.22736076608307257
bagging,MLB,NPB,innings_pitched,-4784382237.5,-7.839603824160609e-5
bagging,MLB,NPB,batters_faced,150109612977.5,0.002459669477739294
bagging,MLB,NPB,wins,70867150542,0.0011612165517250414
bagging,MLB,NPB,losses,0,0
bagging,MLB,NPB,era,2894355271547.5,0.047426391807607327
bagging,MLB,NPB,hits_per_9,1739497075836.5,0.028503090369656158
bagging,MLB,NPB,home_runs_per_9,0,0
bagging,MLB,NPB,strikeouts_per_9,2104126243044.5,0.03447783919143513
bagging,MLB,NPB,walks_per_9,-52044155194.5,-8.527862905477365e-4
bagging,MLB,NPB,earned_runs,-31970085479,-5.238561468091939e-4
bagging,MLB,NPB,intentional_walks,0,0
bagging,MLB,NPB,hit_by_pitch,0,0
bagging,MLB,NPB,wild_pitches,30254272220.5,4.957411352671588e-4
bagging,MLB,NPB,balks,0,0
bagging,MLB,MLB,age,1253101719795.9377,0.5206806477592091
bagging,MLB,MLB,lefty,8238013507.82666,0.003423005604208097
bagging,MLB,MLB,games,1631658800.5532227,6.779762151570708e-4
bagging,MLB,MLB,games_started,9637842014.870605,0.0040046532089357805
bagging,MLB,MLB,games_finished,37243140662.44409,0.015475026726375091
bagging,MLB,MLB,complete_games,0,0
bagging,MLB,MLB,shutouts,0,0
bagging,MLB,MLB,saves,2406660829797.999,1
bagging,MLB,MLB,holds,461487485715.03784,0.19175426798871878
bagging,MLB,MLB,innings_pitched,11286763035.859375,0.004689802109259708
bagging,MLB,MLB,batters_faced,20327347596.840088,0.008446286799185677
bagging,MLB,MLB,wins,23692525882.02002,0.009844563716113097
bagging,MLB,MLB,losses,0,0
bagging,MLB,MLB,era,68753246067.61572,0.028567900061508236
bagging,MLB,MLB,hits_per_9,91580652831.03296,0.03805299512799221
bagging,MLB,MLB,home_runs_per_9,0,0
bagging,MLB,MLB,strikeouts_per_9,193707469993.04175,0.08048806362519326
bagging,MLB,MLB,walks_per_9,4005082824.8581543,0.0016641658746713874
bagging,MLB,MLB,earned_runs,2087092150.727295,8.672149082604519e-4
bagging,MLB,MLB,intentional_walks,0,0
bagging,MLB,MLB,hit_by_pitch,0,0
bagging,MLB,MLB,wild_pitches,4850213401.006348,0.0020153290156026873
bagging,MLB,MLB,balks,0,0
