model_name,trained_on,predicted_on,prediction_data_type,variable,permutation_importance,permutation_importance_abs,permutation_importance_standardized,permutation_importance_standardized_abs,permutation_importance_direction,xgboost_gain,xgboost_cover,xgboost_frequency
xgboost,MLB,MLB,test,age,0.2365979484952293,0.2365979484952293,0.6120854882466382,0.6120854882466382,worsened,0.17782523518211077,0.06247430562363907,0.16722934953860005
xgboost,MLB,MLB,test,lefty,-0.0032763731783678196,0.0032763731783678196,-0.008476068745794275,0.008476068745794275,improved,0.00371349399545507,0.003401338126046827,0.017555705604321403
xgboost,MLB,MLB,test,games,0.04224364018388704,0.04224364018388704,0.10928547475461806,0.10928547475461806,worsened,0.020130828945135164,0.07158504745890341,0.0758496511366194
xgboost,MLB,MLB,test,games_started,0.029858340953456408,0.029858340953456408,0.07724436038843958,0.07724436038843958,worsened,0.01820958095173404,0.025070296518252377,0.015980193562907946
xgboost,MLB,MLB,test,games_finished,0.0023586133986538416,0.0023586133986538416,0.006101798611872618,0.006101798611872618,worsened,0.015122385516333004,0.06919212349448461,0.056493360342111186
xgboost,MLB,MLB,test,complete_games,3.69149175537542e-5,3.69149175537542e-5,9.549992076507644e-5,9.549992076507644e-5,worsened,7.817589464050403e-5,3.130697560609893e-4,4.5014629754670267e-4
xgboost,MLB,MLB,test,shutouts,0,0,0,0,no_change,0,0,0
xgboost,MLB,MLB,test,saves,0.3865439600160767,0.3865439600160767,1,1,worsened,0.32947144929326994,0.08574898231732586,0.053342336259284265
xgboost,MLB,MLB,test,holds,0.07686017197822925,0.07686017197822925,0.19883940748946788,0.19883940748946788,worsened,0.08944439660434461,0.0780602362688017,0.05964438442493811
xgboost,MLB,MLB,test,innings_pitched,0.050177243180354214,0.050177243180354214,0.12980992686644824,0.12980992686644824,worsened,0.031205453855318314,0.10389302241661841,0.06392077425163178
xgboost,MLB,MLB,test,batters_faced,0.011615686383612989,0.011615686383612989,0.030050104477456797,0.030050104477456797,worsened,0.014924476038564314,0.08613290470239013,0.05064145847400405
xgboost,MLB,MLB,test,wins,0.043051512142355475,0.043051512142355475,0.11137546203170506,0.11137546203170506,worsened,0.029098359499478005,0.039640810125664554,0.03871258158901643
xgboost,MLB,MLB,test,losses,0.016447146155393222,0.016447146155393222,0.04254922559056199,0.04254922559056199,worsened,0.009985533574132274,0.030822541351983503,0.02723385100157551
xgboost,MLB,MLB,test,era,0.013786547354231349,0.013786547354231349,0.035666182324147436,0.035666182324147436,worsened,0.04886255854680718,0.042680470296683024,0.06819716407832546
xgboost,MLB,MLB,test,hits_per_9,0.01862924348464734,0.01862924348464734,0.048194372210272104,0.048194372210272104,worsened,0.04698759708936914,0.07826249580857267,0.06257033535899167
xgboost,MLB,MLB,test,home_runs_per_9,0.004410620019803524,0.004410620019803524,0.011410396943261207,0.011410396943261207,worsened,0.0192332796519799,0.025289857281384626,0.039837947332883185
xgboost,MLB,MLB,test,strikeouts_per_9,0.09349201262949869,0.09349201262949869,0.2418664428894718,0.2418664428894718,worsened,0.0789794040081623,0.06040021848973502,0.06572135944181859
xgboost,MLB,MLB,test,walks_per_9,-0.0011488230752521034,0.0011488230752521034,-0.0029720373206822913,0.0029720373206822913,improved,0.03153955489942312,0.04630054531808299,0.0504163853252307
xgboost,MLB,MLB,test,intentional_walks,-0.007692828461631329,0.007692828461631329,-0.019901561678292365,0.019901561678292365,improved,0.01018750109376539,0.015565745884574477,0.020931802835921675
xgboost,MLB,MLB,test,hit_by_pitch,0.0073110687556940945,0.0073110687556940945,0.01891393867696192,0.01891393867696192,worsened,0.011177947001581394,0.023635118847046475,0.02723385100157551
xgboost,MLB,MLB,test,wild_pitches,0.001250914208470677,0.001250914208470677,0.0032361499282478772,0.0032361499282478772,worsened,0.010392517126026608,0.04323905265091816,0.031510240828269184
xgboost,MLB,MLB,test,balks,0.0015724122729287027,0.0015724122729287027,0.004067874383196428,0.004067874383196428,worsened,0.0034302712323689673,0.008291817262831123,0.006527121314427189
xgboost,MLB,NPB,full_cross_league,age,0.23318053944498052,0.23318053944498052,0.49407283450823647,0.49407283450823647,worsened,0.17782523518211077,0.06247430562363907,0.16722934953860005
xgboost,MLB,NPB,full_cross_league,lefty,0.002138120469915683,0.002138120469915683,0.00453034049756361,0.00453034049756361,worsened,0.00371349399545507,0.003401338126046827,0.017555705604321403
xgboost,MLB,NPB,full_cross_league,games,0.017968454177231585,0.017968454177231585,0.038072324166532306,0.038072324166532306,worsened,0.020130828945135164,0.07158504745890341,0.0758496511366194
xgboost,MLB,NPB,full_cross_league,games_started,0.023749876550138938,0.023749876550138938,0.05032224753522601,0.05032224753522601,worsened,0.01820958095173404,0.025070296518252377,0.015980193562907946
xgboost,MLB,NPB,full_cross_league,games_finished,-0.011651243418590251,0.011651243418590251,-0.02468714960120673,0.02468714960120673,improved,0.015122385516333004,0.06919212349448461,0.056493360342111186
xgboost,MLB,NPB,full_cross_league,complete_games,-2.644507693829734e-4,2.644507693829734e-4,-5.603295263315002e-4,5.603295263315002e-4,improved,7.817589464050403e-5,3.130697560609893e-4,4.5014629754670267e-4
xgboost,MLB,NPB,full_cross_league,shutouts,0,0,0,0,no_change,0,0,0
xgboost,MLB,NPB,full_cross_league,saves,0.47195579914259234,0.47195579914259234,1,1,worsened,0.32947144929326994,0.08574898231732586,0.053342336259284265
xgboost,MLB,NPB,full_cross_league,holds,0.16406378056178517,0.16406378056178517,0.3476253091070006,0.3476253091070006,worsened,0.08944439660434461,0.0780602362688017,0.05964438442493811
xgboost,MLB,NPB,full_cross_league,innings_pitched,0.04118026590185375,0.04118026590185375,0.08725449708779175,0.08725449708779175,worsened,0.031205453855318314,0.10389302241661841,0.06392077425163178
xgboost,MLB,NPB,full_cross_league,batters_faced,0.023890741631461876,0.023890741631461876,0.05062071845470374,0.05062071845470374,worsened,0.014924476038564314,0.08613290470239013,0.05064145847400405
xgboost,MLB,NPB,full_cross_league,wins,0.034815500962657064,0.034815500962657064,0.07376856270419135,0.07376856270419135,worsened,0.029098359499478005,0.039640810125664554,0.03871258158901643
xgboost,MLB,NPB,full_cross_league,losses,0.00467339745625861,0.00467339745625861,0.009902193096787509,0.009902193096787509,worsened,0.009985533574132274,0.030822541351983503,0.02723385100157551
xgboost,MLB,NPB,full_cross_league,era,0.02006250115637609,0.02006250115637609,0.0425092798792257,0.0425092798792257,worsened,0.04886255854680718,0.042680470296683024,0.06819716407832546
xgboost,MLB,NPB,full_cross_league,hits_per_9,-0.00780079241776932,0.00780079241776932,-0.016528650420105255,0.016528650420105255,improved,0.04698759708936914,0.07826249580857267,0.06257033535899167
xgboost,MLB,NPB,full_cross_league,home_runs_per_9,0.015658885794968658,0.015658885794968658,0.03317871254769269,0.03317871254769269,worsened,0.0192332796519799,0.025289857281384626,0.039837947332883185
xgboost,MLB,NPB,full_cross_league,strikeouts_per_9,0.020799511134105497,0.020799511134105497,0.044070887934616366,0.044070887934616366,worsened,0.0789794040081623,0.06040021848973502,0.06572135944181859
xgboost,MLB,NPB,full_cross_league,walks_per_9,-0.0035397741793116166,0.0035397741793116166,-0.0075002239314409655,0.0075002239314409655,improved,0.03153955489942312,0.04630054531808299,0.0504163853252307
xgboost,MLB,NPB,full_cross_league,intentional_walks,2.7704094340863517e-4,2.7704094340863517e-4,5.870061219968877e-4,5.870061219968877e-4,worsened,0.01018750109376539,0.015565745884574477,0.020931802835921675
xgboost,MLB,NPB,full_cross_league,hit_by_pitch,0.002189094828426108,0.002189094828426108,0.004638347134208463,0.004638347134208463,worsened,0.011177947001581394,0.023635118847046475,0.02723385100157551
xgboost,MLB,NPB,full_cross_league,wild_pitches,6.355899189492975e-4,6.355899189492975e-4,0.0013467149256434208,0.0013467149256434208,worsened,0.010392517126026608,0.04323905265091816,0.031510240828269184
xgboost,MLB,NPB,full_cross_league,balks,-2.9298121428966706e-4,2.9298121428966706e-4,-6.207810452206106e-4,6.207810452206106e-4,improved,0.0034302712323689673,0.008291817262831123,0.006527121314427189
xgboost,NPB,NPB,test,age,0.24409369762816946,0.24409369762816946,0.20505902186227226,0.20505902186227226,worsened,0.13931048161467444,0.08725186503392349,0.17467467467467468
xgboost,NPB,NPB,test,lefty,4.066291394690946e-4,4.066291394690946e-4,3.4160232079096203e-4,3.4160232079096203e-4,worsened,0.0015457483242461228,0.0032394743723313476,0.016516516516516516
xgboost,NPB,NPB,test,games,0.03709147727323081,0.03709147727323081,0.031159928023465906,0.031159928023465906,worsened,0.02113508829140735,0.0635509131104446,0.07457457457457457
xgboost,NPB,NPB,test,games_started,8.436870122788265e-4,8.436870122788265e-4,7.087673101635765e-4,7.087673101635765e-4,worsened,0.005823232998471953,0.016070317578328965,0.015265265265265265
xgboost,NPB,NPB,test,games_finished,0.038258456782885975,0.038258456782885975,0.0321402879389756,0.0321402879389756,worsened,0.02425687408382431,0.04623874237571837,0.05405405405405406
xgboost,NPB,NPB,test,complete_games,3.34991038815069e-4,3.34991038815069e-4,2.8142035382120026e-4,2.8142035382120026e-4,worsened,2.0431664770942786e-5,0.004477229003459975,7.507507507507507e-4
xgboost,NPB,NPB,test,shutouts,-9.211937033104522e-5,9.211937033104522e-5,-7.738793814917645e-5,7.738793814917645e-5,improved,1.787982013282867e-5,9.344637612494273e-5,5.005005005005005e-4
xgboost,NPB,NPB,test,saves,1.1903582461839441,1.1903582461839441,1,1,worsened,0.39383756017147686,0.0557694530354088,0.026776776776776777
xgboost,NPB,NPB,test,holds,0.326709368951563,0.326709368951563,0.2744630618546386,0.2744630618546386,worsened,0.15549914604395837,0.0667502219351433,0.05105105105105105
xgboost,NPB,NPB,test,innings_pitched,0.03792122735529968,0.03792122735529968,0.03185698715228606,0.03185698715228606,worsened,0.0227399620265786,0.05014709607189141,0.06031031031031031
xgboost,NPB,NPB,test,batters_faced,0.004155264676875714,0.004155264676875714,0.00349076817016783,0.00349076817016783,worsened,0.00991362845669141,0.056350623918501645,0.04504504504504504
xgboost,NPB,NPB,test,wins,0.012282944010750585,0.012282944010750585,0.010318695275247853,0.010318695275247853,worsened,0.013414232076184703,0.027286341828483274,0.024274274274274275
xgboost,NPB,NPB,test,losses,0.025285316893998044,0.025285316893998044,0.021241770681269968,0.021241770681269968,worsened,0.019217150891052012,0.020267207453414114,0.023773773773773772
xgboost,NPB,NPB,test,era,0.009965229694603506,0.009965229694603506,0.008371622346927982,0.008371622346927982,worsened,0.027932072386521675,0.0855632726232447,0.07707707707707707
xgboost,NPB,NPB,test,hits_per_9,0.036233723847926336,0.036233723847926336,0.03043934375561691,0.03043934375561691,worsened,0.03345830477718381,0.10963473123100846,0.07907907907907907
xgboost,NPB,NPB,test,home_runs_per_9,0.02848073580385324,0.02848073580385324,0.023926188519428425,0.023926188519428425,worsened,0.01712442989174311,0.09101431123053302,0.06131131131131131
xgboost,NPB,NPB,test,strikeouts_per_9,0.013459787926350941,0.013459787926350941,0.011307342112763439,0.011307342112763439,worsened,0.0534054135994872,0.07661537225675458,0.07857857857857858
xgboost,NPB,NPB,test,walks_per_9,-0.009034169281581073,0.009034169281581073,-0.007589454108074484,0.007589454108074484,improved,0.02668276314150399,0.09116185814020399,0.07407407407407407
xgboost,NPB,NPB,test,intentional_walks,0.011843294852844521,0.011843294852844521,0.00994935339072234,0.00994935339072234,worsened,0.011428931076999424,0.01833024441145587,0.01926926926926927
xgboost,NPB,NPB,test,hit_by_pitch,0.002629816304663246,0.002629816304663246,0.002209264574840325,0.002209264574840325,worsened,0.011652508169727509,0.01579571638533023,0.025775775775775774
xgboost,NPB,NPB,test,wild_pitches,-0.001218903334297361,0.001218903334297361,-0.0010239802498154878,0.0010239802498154878,improved,0.011229232517514263,0.01251033852999014,0.015515515515515516
xgboost,NPB,NPB,test,balks,1.1299880433029985e-4,1.1299880433029985e-4,9.4928400498381e-5,9.4928400498381e-5,worsened,3.549279758491102e-4,0.001881223098304768,0.0017517517517517517
xgboost,NPB,MLB,full_cross_league,age,0.16774882894640475,0.16774882894640475,0.22195439916806728,0.22195439916806728,worsened,0.13931048161467444,0.08725186503392349,0.17467467467467468
xgboost,NPB,MLB,full_cross_league,lefty,0.001331459578534533,0.001331459578534533,0.0017617011851964652,0.0017617011851964652,worsened,0.0015457483242461228,0.0032394743723313476,0.016516516516516516
xgboost,NPB,MLB,full_cross_league,games,0.041680614391713444,0.041680614391713444,0.055149092738074404,0.055149092738074404,worsened,0.02113508829140735,0.0635509131104446,0.07457457457457457
xgboost,NPB,MLB,full_cross_league,games_started,0.015143877713280851,0.015143877713280851,0.02003739936688229,0.02003739936688229,worsened,0.005823232998471953,0.016070317578328965,0.015265265265265265
xgboost,NPB,MLB,full_cross_league,games_finished,0.025928507843134385,0.025928507843134385,0.034306924321278576,0.034306924321278576,worsened,0.02425687408382431,0.04623874237571837,0.05405405405405406
xgboost,NPB,MLB,full_cross_league,complete_games,-5.625233241213223e-5,5.625233241213223e-5,-7.44294474110831e-5,7.44294474110831e-5,improved,2.0431664770942786e-5,0.004477229003459975,7.507507507507507e-4
xgboost,NPB,MLB,full_cross_league,shutouts,-2.515154650994944e-6,2.515154650994944e-6,-3.327889934508645e-6,3.327889934508645e-6,improved,1.787982013282867e-5,9.344637612494273e-5,5.005005005005005e-4
xgboost,NPB,MLB,full_cross_league,saves,0.755780599867195,0.755780599867195,1,1,worsened,0.39383756017147686,0.0557694530354088,0.026776776776776777
xgboost,NPB,MLB,full_cross_league,holds,0.18234015139104054,0.18234015139104054,0.24126069314703388,0.24126069314703388,worsened,0.15549914604395837,0.0667502219351433,0.05105105105105105
xgboost,NPB,MLB,full_cross_league,innings_pitched,0.04538216535746609,0.04538216535746609,0.06004674553096572,0.06004674553096572,worsened,0.0227399620265786,0.05014709607189141,0.06031031031031031
xgboost,NPB,MLB,full_cross_league,batters_faced,0.03161862623375855,0.03161862623375855,0.041835720894813314,0.041835720894813314,worsened,0.00991362845669141,0.056350623918501645,0.04504504504504504
xgboost,NPB,MLB,full_cross_league,wins,0.016755711017211627,0.016755711017211627,0.022170072928778435,0.022170072928778435,worsened,0.013414232076184703,0.027286341828483274,0.024274274274274275
xgboost,NPB,MLB,full_cross_league,losses,0.010517861747192714,0.010517861747192714,0.013916554287105148,0.013916554287105148,worsened,0.019217150891052012,0.020267207453414114,0.023773773773773772
xgboost,NPB,MLB,full_cross_league,era,0.04747406247579855,0.04747406247579855,0.06281460847783159,0.06281460847783159,worsened,0.027932072386521675,0.0855632726232447,0.07707707707707707
xgboost,NPB,MLB,full_cross_league,hits_per_9,0.010460226566346487,0.010460226566346487,0.01384029514409942,0.01384029514409942,worsened,0.03345830477718381,0.10963473123100846,0.07907907907907907
xgboost,NPB,MLB,full_cross_league,home_runs_per_9,0.05090494784188726,0.05090494784188726,0.06735413405799544,0.06735413405799544,worsened,0.01712442989174311,0.09101431123053302,0.06131131131131131
xgboost,NPB,MLB,full_cross_league,strikeouts_per_9,0.059274782075085075,0.059274782075085075,0.07842855728964303,0.07842855728964303,worsened,0.0534054135994872,0.07661537225675458,0.07857857857857858
xgboost,NPB,MLB,full_cross_league,walks_per_9,-0.00523603514398252,0.00523603514398252,-0.006927982995200712,0.006927982995200712,improved,0.02668276314150399,0.09116185814020399,0.07407407407407407
xgboost,NPB,MLB,full_cross_league,intentional_walks,-0.00288284258307947,0.00288284258307947,-0.0038143908213389443,0.0038143908213389443,improved,0.011428931076999424,0.01833024441145587,0.01926926926926927
xgboost,NPB,MLB,full_cross_league,hit_by_pitch,0.0010067386996063243,0.0010067386996063243,0.0013320515236607388,0.0013320515236607388,worsened,0.011652508169727509,0.01579571638533023,0.025775775775775774
xgboost,NPB,MLB,full_cross_league,wild_pitches,0.0022293610819412724,0.0022293610819412724,0.0029497463712789313,0.0029497463712789313,worsened,0.011229232517514263,0.01251033852999014,0.015515515515515516
xgboost,NPB,MLB,full_cross_league,balks,2.8906292147767854e-4,2.8906292147767854e-4,3.8246935887011703e-4,3.8246935887011703e-4,worsened,3.549279758491102e-4,0.001881223098304768,0.0017517517517517517
