model_name,trained_on,predicted_on,variable,permutation_importance,permutation_importance_standardized,lightgbm_gain,lightgbm_cover,lightgbm_frequency
lightgbm,NPB,NPB,age,4489312196466311,1,0.20293943311744933,0.10887531202901281,0.125
lightgbm,NPB,NPB,lefty,162196820292011.44,0.03612954795607265,0.003751950748335008,0.010659028824415976,0.008333333333333333
lightgbm,NPB,NPB,games,177648244738595.94,0.03957137239829942,0.013671959986436714,0.019016107761868878,0.026
lightgbm,NPB,NPB,games_started,185842940822203.56,0.041396751370619045,0.004925604437042652,0.04413149962321025,0.02
lightgbm,NPB,NPB,games_finished,19575104281957.5,0.004360379368885444,9.465835521647835e-4,0.006687282168425019,0.0033333333333333335
lightgbm,NPB,NPB,complete_games,278112050252581.3,0.061949812817984166,0.021372355584982215,0.03661189478146194,0.030333333333333334
lightgbm,NPB,NPB,shutouts,74167353062529.94,0.01652087219973464,0.00409746887684292,0.024183720327807082,0.012666666666666666
lightgbm,NPB,NPB,saves,0,0,0,0,0
lightgbm,NPB,NPB,holds,1736182469145.1875,3.867368525877517e-4,5.942580743050464e-5,0.0017941668236623964,0.001
lightgbm,NPB,NPB,innings_pitched,3330949322221762.5,0.7419731968838489,0.3235763742366491,0.12332799547852298,0.08266666666666667
lightgbm,NPB,NPB,batters_faced,353852848526331.7,0.07882117193918062,0.025746732941649694,0.0839299171062547,0.055
lightgbm,NPB,NPB,wins,1089711507217980.2,0.24273462381959734,0.0871374533474368,0.09506876412961568,0.06666666666666667
lightgbm,NPB,NPB,losses,177805831698436.06,0.03960647509397832,0.009421297909014702,0.03227586897136398,0.03266666666666666
lightgbm,NPB,NPB,era,521486069744329.7,0.1161616851139934,0.05839779258067084,0.043645794084400905,0.072
lightgbm,NPB,NPB,hits_per_9,437737144724984.56,0.09750650557774579,0.03601584562355636,0.07079452595139413,0.07966666666666666
lightgbm,NPB,NPB,home_runs_per_9,225097698176281.2,0.05014079848433423,0.02486911957066839,0.0224675607573474,0.059333333333333335
lightgbm,NPB,NPB,strikeouts_per_9,877153133385204,0.19538697577674388,0.07493976209774841,0.0737735199227581,0.09533333333333334
lightgbm,NPB,NPB,walks_per_9,634735921577700,0.1413882336089974,0.05158278874847786,0.07784829502637529,0.09933333333333333
lightgbm,NPB,NPB,earned_runs,173447250560220.7,0.038635595603430495,0.01973870058930957,0.038802721128485304,0.04566666666666667
lightgbm,NPB,NPB,intentional_walks,28937854512390.875,0.0064459438876112995,0.004574729226639327,0.008892826865109268,0.010666666666666666
lightgbm,NPB,NPB,hit_by_pitch,412844190281070.3,0.09196156832354718,0.022550391692692916,0.042857626460060284,0.03833333333333333
lightgbm,NPB,NPB,wild_pitches,141145844869430.2,0.03144041641401791,0.008746757305910376,0.029109951959306705,0.03266666666666666
lightgbm,NPB,NPB,balks,7722990892508.4375,0.0017203060412210726,9.374720188915066e-4,0.005245619819140919,0.0033333333333333335
lightgbm,NPB,MLB,age,-276781771006069,-0.12576999405638947,0.20293943311744933,0.10887531202901281,0.125
lightgbm,NPB,MLB,lefty,6182313801388,0.002809251372404341,0.003751950748335008,0.010659028824415976,0.008333333333333333
lightgbm,NPB,MLB,games,2053696384840592,0.933202288489462,0.013671959986436714,0.019016107761868878,0.026
lightgbm,NPB,MLB,games_started,2200697973174530,1,0.004925604437042652,0.04413149962321025,0.02
lightgbm,NPB,MLB,games_finished,3581871019070,0.0016276068150792692,9.465835521647835e-4,0.006687282168425019,0.0033333333333333335
lightgbm,NPB,MLB,complete_games,96247679204784,0.043735069681527315,0.021372355584982215,0.03661189478146194,0.030333333333333334
lightgbm,NPB,MLB,shutouts,26626002730969,0.012098890013771726,0.00409746887684292,0.024183720327807082,0.012666666666666666
lightgbm,NPB,MLB,saves,0,0,0,0,0
lightgbm,NPB,MLB,holds,-54592156695,-2.4806746477914112e-5,5.942580743050464e-5,0.0017941668236623964,0.001
lightgbm,NPB,MLB,innings_pitched,1360934210440208,0.618410262121088,0.3235763742366491,0.12332799547852298,0.08266666666666667
lightgbm,NPB,MLB,batters_faced,852137861252374,0.38721254421984863,0.025746732941649694,0.0839299171062547,0.055
lightgbm,NPB,MLB,wins,-875288132156076,-0.3977320572043167,0.0871374533474368,0.09506876412961568,0.06666666666666667
lightgbm,NPB,MLB,losses,-32493678071194,-0.014765169263241302,0.009421297909014702,0.03227586897136398,0.03266666666666666
lightgbm,NPB,MLB,era,-20705852031047,-0.009408765893112807,0.05839779258067084,0.043645794084400905,0.072
lightgbm,NPB,MLB,hits_per_9,60797938844382,0.027626661897943376,0.03601584562355636,0.07079452595139413,0.07966666666666666
lightgbm,NPB,MLB,home_runs_per_9,118091437929164,0.053660901845070476,0.02486911957066839,0.0224675607573474,0.059333333333333335
lightgbm,NPB,MLB,strikeouts_per_9,218447036995177,0.09926261561465649,0.07493976209774841,0.0737735199227581,0.09533333333333334
lightgbm,NPB,MLB,walks_per_9,-339593214801833,-0.15431159520357363,0.05158278874847786,0.07784829502637529,0.09933333333333333
lightgbm,NPB,MLB,earned_runs,364078780041076,0.1654378676579088,0.01973870058930957,0.038802721128485304,0.04566666666666667
lightgbm,NPB,MLB,intentional_walks,75409443121674,0.034266148304255985,0.004574729226639327,0.008892826865109268,0.010666666666666666
lightgbm,NPB,MLB,hit_by_pitch,-192292353337429,-0.08737789359620542,0.022550391692692916,0.042857626460060284,0.03833333333333333
lightgbm,NPB,MLB,wild_pitches,62045729121042,0.028193659410491654,0.008746757305910376,0.029109951959306705,0.03266666666666666
lightgbm,NPB,MLB,balks,25516701554813,0.01159482212727487,9.374720188915066e-4,0.005245619819140919,0.0033333333333333335
lightgbm,MLB,NPB,age,181444716925544,1,0.2725936107718974,0.0836833844022636,0.09266666666666666
lightgbm,MLB,NPB,lefty,-1891991825594,-0.010427373459269033,0.0019523638352620558,0.002038104004890793,0.007
lightgbm,MLB,NPB,games,-7403937665814,-0.040805473927643825,0.0068104298771944575,0.023564653758400916,0.027333333333333334
lightgbm,MLB,NPB,games_started,4858768513850,0.026778230836248598,0.011792958874337945,0.019894506357168284,0.024
lightgbm,MLB,NPB,games_finished,13385837788132,0.07377364309606706,0.008403556520804495,0.014818954038783921,0.011
lightgbm,MLB,NPB,complete_games,-9451951037614,-0.05209273214327104,0.001912895793455377,0.012558727901208615,0.010666666666666666
lightgbm,MLB,NPB,shutouts,1808811352974,0.0099689392098214,0.0023020475957848626,0.00947570554570399,0.006333333333333333
lightgbm,MLB,NPB,saves,309962350052,0.001708301874554955,9.386130479885208e-5,0.004196917634567624,0.0016666666666666668
lightgbm,MLB,NPB,holds,424356690140,0.002338765753726162,3.515302396993556e-4,0.004058142623759185,0.0026666666666666666
lightgbm,MLB,NPB,innings_pitched,54293760854132,0.29923032080571127,0.1148954660152248,0.14832749424473754,0.09
lightgbm,MLB,NPB,batters_faced,-804850031524,-0.004435786531355834,0.01628277809717164,0.07431032309532325,0.057
lightgbm,MLB,NPB,wins,86524404621256,0.47686373065775933,0.11487877594983713,0.06672245038896008,0.05333333333333334
lightgbm,MLB,NPB,losses,-15128187456198,-0.08337629065499805,0.022974616469521987,0.022573110411944177,0.043666666666666666
lightgbm,MLB,NPB,era,21571241266466,0.11888602562794803,0.06823428608256192,0.07712072235267164,0.07433333333333333
lightgbm,MLB,NPB,hits_per_9,-12443418424136,-0.06857966787339512,0.04884596776172484,0.07892849268577684,0.07333333333333333
lightgbm,MLB,NPB,home_runs_per_9,-4335022127562,-0.023891696606084596,0.015157246937612128,0.033048160266250945,0.042
lightgbm,MLB,NPB,strikeouts_per_9,63937763961500,0.35238151347077756,0.165714720966569,0.13275389976256335,0.13366666666666666
lightgbm,MLB,NPB,walks_per_9,84981125342220,0.46835822382798875,0.051221930971200466,0.04213340712769806,0.071
lightgbm,MLB,NPB,earned_runs,15281956301618,0.0842237600551851,0.02227536174797913,0.05029362410940726,0.056666666666666664
lightgbm,MLB,NPB,intentional_walks,-19518694697616,-0.10757378351018902,0.016926137265105893,0.008694788177190233,0.022333333333333334
lightgbm,MLB,NPB,hit_by_pitch,-8803999231828,-0.04852166203020796,0.011732904842621301,0.03908651554423823,0.043
lightgbm,MLB,NPB,wild_pitches,-188867619140,-0.001040909993634601,0.01573550864775444,0.0452767842955957,0.042333333333333334
lightgbm,MLB,NPB,balks,-1021652429654,-0.005630654046947181,0.008911043431880514,0.006441131270895801,0.014
lightgbm,MLB,MLB,age,19160316473541.484,1,0.2725936107718974,0.0836833844022636,0.09266666666666666
lightgbm,MLB,MLB,lefty,76856110552.90283,0.0040112130015719505,0.0019523638352620558,0.002038104004890793,0.007
lightgbm,MLB,MLB,games,368864336986.12646,0.01925147413381673,0.0068104298771944575,0.023564653758400916,0.027333333333333334
lightgbm,MLB,MLB,games_started,329664360874.2007,0.01720558015466158,0.011792958874337945,0.019894506357168284,0.024
lightgbm,MLB,MLB,games_finished,442960230914.54395,0.02311862810440676,0.008403556520804495,0.014818954038783921,0.011
lightgbm,MLB,MLB,complete_games,96610958401.28564,0.005042242310282082,0.001912895793455377,0.012558727901208615,0.010666666666666666
lightgbm,MLB,MLB,shutouts,96110399620.82666,0.005016117544485535,0.0023020475957848626,0.00947570554570399,0.006333333333333333
lightgbm,MLB,MLB,saves,12162822146.396973,6.34792340888139e-4,9.386130479885208e-5,0.004196917634567624,0.0016666666666666668
lightgbm,MLB,MLB,holds,10394749688.83789,5.425145092562547e-4,3.515302396993556e-4,0.004058142623759185,0.0026666666666666666
lightgbm,MLB,MLB,innings_pitched,6436908384596.684,0.3359500034086296,0.1148954660152248,0.14832749424473754,0.09
lightgbm,MLB,MLB,batters_faced,532352343823.2363,0.027784110171581073,0.01628277809717164,0.07431032309532325,0.057
lightgbm,MLB,MLB,wins,2475985535170.574,0.1292246680053363,0.11487877594983713,0.06672245038896008,0.05333333333333334
lightgbm,MLB,MLB,losses,790901051336.166,0.0412780787012742,0.022974616469521987,0.022573110411944177,0.043666666666666666
lightgbm,MLB,MLB,era,1535446351051.7998,0.08013679487873285,0.06823428608256192,0.07712072235267164,0.07433333333333333
lightgbm,MLB,MLB,hits_per_9,2046623043247.4453,0.10681572228066435,0.04884596776172484,0.07892849268577684,0.07333333333333333
lightgbm,MLB,MLB,home_runs_per_9,922790877338.8428,0.04816156761362091,0.015157246937612128,0.033048160266250945,0.042
lightgbm,MLB,MLB,strikeouts_per_9,8241968688313.369,0.43015827529230627,0.165714720966569,0.13275389976256335,0.13366666666666666
lightgbm,MLB,MLB,walks_per_9,1901102432616.5986,0.09922082629698911,0.051221930971200466,0.04213340712769806,0.071
lightgbm,MLB,MLB,earned_runs,768190352881.1465,0.040092779988365114,0.02227536174797913,0.05029362410940726,0.056666666666666664
lightgbm,MLB,MLB,intentional_walks,820700374869.6978,0.04283334129699812,0.016926137265105893,0.008694788177190233,0.022333333333333334
lightgbm,MLB,MLB,hit_by_pitch,603459104634.3657,0.0314952576836444,0.011732904842621301,0.03908651554423823,0.043
lightgbm,MLB,MLB,wild_pitches,482205863461.48584,0.025166904947909643,0.01573550864775444,0.0452767842955957,0.042333333333333334
lightgbm,MLB,MLB,balks,283664734986.0742,0.014804804261860045,0.008911043431880514,0.006441131270895801,0.014
