model_name,trained_on,predicted_on,variable,permutation_importance,permutation_importance_standardized,gbm_relative_influence,gbm_relative_influence_standardized
gbm,NPB,NPB,age,935298262753247.5,0.8429889454419977,20.482766990665596,0.5846666520368421
gbm,NPB,NPB,lefty,0,0,0,0
gbm,NPB,NPB,games,0,0,0,0
gbm,NPB,NPB,games_started,9331904288087.5,0.008410891442932089,0.7261884870401877,0.02072855643277956
gbm,NPB,NPB,games_finished,1550888686580,0.0013978236360125856,0.38858757879572325,0.011091968132095386
gbm,NPB,NPB,complete_games,15294921782845,0.013785388573676763,1.1720143223395818,0.03345435166517238
gbm,NPB,NPB,shutouts,19034456388927,0.01715584959083423,1.9975467614289217,0.05701861363867094
gbm,NPB,NPB,saves,790760150358453.5,0.7127160305910807,19.019132315539387,0.5428881957520516
gbm,NPB,NPB,holds,61441642725449.5,0.055377656165940335,2.0568811231298865,0.05871227263612257
gbm,NPB,NPB,innings_pitched,1109502405470869,1,35.033239743208235,1
gbm,NPB,NPB,batters_faced,3223299938686,0.002905176160765548,0.16404868447489154,0.004682658117757866
gbm,NPB,NPB,wins,391041513204403.5,0.3524476479511974,16.59778462188174,0.4737724727585176
gbm,NPB,NPB,losses,1759320176055,0.0015856839673171782,0.37890440015107546,0.01081556838386699
gbm,NPB,NPB,era,6384974467838.5,0.005754809035433086,0.36368160605456,0.010381044080431232
gbm,NPB,NPB,hits_per_9,4385928170918,0.003953058730915168,0.1655111591674597,0.004724403463129519
gbm,NPB,NPB,home_runs_per_9,0,0,0,0
gbm,NPB,NPB,strikeouts_per_9,4523827673801,0.004077348234212348,0.13548984670986786,0.003867465518547561
gbm,NPB,NPB,walks_per_9,19224131709628,0.017326804894550314,0.8300823771081086,0.023694136859524494
gbm,NPB,NPB,earned_runs,8533898962827.5,0.007691645300404502,0.34080887053760417,0.00972815740239027
gbm,NPB,NPB,intentional_walks,0,0,0,0
gbm,NPB,NPB,hit_by_pitch,2514905956319,0.002266697164348808,0.14733111176717206,0.004205466375565069
gbm,NPB,NPB,wild_pitches,0,0,0,0
gbm,NPB,NPB,balks,0,0,0,0
gbm,NPB,MLB,age,-173891689912589,-0.26120602845743823,20.482766990665596,0.5846666520368421
gbm,NPB,MLB,lefty,0,0,0,0
gbm,NPB,MLB,games,0,0,0,0
gbm,NPB,MLB,games_started,33549221167119,0.05039492584900662,0.7261884870401877,0.02072855643277956
gbm,NPB,MLB,games_finished,-34448459460323,-0.05174568886317213,0.38858757879572325,0.011091968132095386
gbm,NPB,MLB,complete_games,-11766459813742,-0.01767462400587718,1.1720143223395818,0.03345435166517238
gbm,NPB,MLB,shutouts,-23407702626543,-0.0351611571632061,1.9975467614289217,0.05701861363867094
gbm,NPB,MLB,saves,-101783666370587,-0.15289118915264047,19.019132315539387,0.5428881957520516
gbm,NPB,MLB,holds,-11673202534879,-0.017534540466239396,2.0568811231298865,0.05871227263612257
gbm,NPB,MLB,innings_pitched,-665726173854075,-1,35.033239743208235,1
gbm,NPB,MLB,batters_faced,-20444865834856,-0.030710623433197696,0.16404868447489154,0.004682658117757866
gbm,NPB,MLB,wins,-637831111934192,-0.9580982947412287,16.59778462188174,0.4737724727585176
gbm,NPB,MLB,losses,-39709863073293,-0.05964894371420234,0.37890440015107546,0.01081556838386699
gbm,NPB,MLB,era,-10767637284958,-0.016174273609555017,0.36368160605456,0.010381044080431232
gbm,NPB,MLB,hits_per_9,-1765928358615,-0.0026526347137465645,0.1655111591674597,0.004724403463129519
gbm,NPB,MLB,home_runs_per_9,0,0,0,0
gbm,NPB,MLB,strikeouts_per_9,-1284576443176,-0.001929586808551071,0.13548984670986786,0.003867465518547561
gbm,NPB,MLB,walks_per_9,-25866746517732,-0.038854933955776695,0.8300823771081086,0.023694136859524494
gbm,NPB,MLB,earned_runs,104598008205817,0.15711866577255013,0.34080887053760417,0.00972815740239027
gbm,NPB,MLB,intentional_walks,0,0,0,0
gbm,NPB,MLB,hit_by_pitch,14639124721713,0.02198970882722398,0.14733111176717206,0.004205466375565069
gbm,NPB,MLB,wild_pitches,0,0,0,0
gbm,NPB,MLB,balks,0,0,0,0
gbm,MLB,NPB,age,45458268540791,1,19.115228673017242,0.4390275592618161
gbm,MLB,NPB,lefty,0,0,0,0
gbm,MLB,NPB,games,0,0,0,0
gbm,MLB,NPB,games_started,11755604560698,0.2586021187795431,6.948438810404707,0.15958773937756615
gbm,MLB,NPB,games_finished,5486028405778,0.12068274005762517,2.122934785688336,0.048758343066457335
gbm,MLB,NPB,complete_games,0,0,0,0
gbm,MLB,NPB,shutouts,0,0,0,0
gbm,MLB,NPB,saves,22797631657845,0.5015068191035045,9.761887822548875,0.22420541536973382
gbm,MLB,NPB,holds,0,0,0,0
gbm,MLB,NPB,innings_pitched,35399863436742,0.7787332112083568,43.539928803462175,1
gbm,MLB,NPB,batters_faced,-6022785959,-1.324904390847087e-4,1.2465665430177624,0.028630422172822637
gbm,MLB,NPB,wins,19949526990414,0.43885364820951595,11.706479115340173,0.268867667840773
gbm,MLB,NPB,losses,0,0,0,0
gbm,MLB,NPB,era,3324918547825,0.0731422171269338,0.9846259587444405,0.02261432174565581
gbm,MLB,NPB,hits_per_9,1347998806081,0.029653544874270833,0.6579776394381264,0.015112051340465348
gbm,MLB,NPB,home_runs_per_9,0,0,0,0
gbm,MLB,NPB,strikeouts_per_9,1925260632102,0.042352264921274085,2.5078777758794586,0.05759949188708915
gbm,MLB,NPB,walks_per_9,2022806508578,0.044498098443034144,0.5542914774728059,0.012730647309389496
gbm,MLB,NPB,earned_runs,-43970278599,-9.672669023797995e-4,0.31891393036415727,0.007324631415998047
gbm,MLB,NPB,intentional_walks,-41514085710,-9.132350844543986e-4,0.1669682643914691,0.0038348309007384565
gbm,MLB,NPB,hit_by_pitch,0,0,0,0
gbm,MLB,NPB,wild_pitches,67933531885,0.0014944152970551728,0.3678804002302692,0.008449265084719578
gbm,MLB,NPB,balks,0,0,0,0
gbm,MLB,MLB,age,1844656872122.458,0.6454890184477744,19.115228673017242,0.4390275592618161
gbm,MLB,MLB,lefty,0,0,0,0
gbm,MLB,MLB,games,0,0,0,0
gbm,MLB,MLB,games_started,244467806093.4082,0.08554506075471321,6.948438810404707,0.15958773937756615
gbm,MLB,MLB,games_finished,153480333370.2373,0.053706394525395995,2.122934785688336,0.048758343066457335
gbm,MLB,MLB,complete_games,0,0,0,0
gbm,MLB,MLB,shutouts,0,0,0,0
gbm,MLB,MLB,saves,801002981450.5068,0.2802898664158202,9.761887822548875,0.22420541536973382
gbm,MLB,MLB,holds,0,0,0,0
gbm,MLB,MLB,innings_pitched,2857766467597.4756,1,43.539928803462175,1
gbm,MLB,MLB,batters_faced,56998024812.86914,0.019944955425552104,1.2465665430177624,0.028630422172822637
gbm,MLB,MLB,wins,533592146722.83984,0.186716497926939,11.706479115340173,0.268867667840773
gbm,MLB,MLB,losses,0,0,0,0
gbm,MLB,MLB,era,49978566462.08594,0.0174886811181961,0.9846259587444405,0.02261432174565581
gbm,MLB,MLB,hits_per_9,32525627729.700195,0.011381485540714772,0.6579776394381264,0.015112051340465348
gbm,MLB,MLB,home_runs_per_9,0,0,0,0
gbm,MLB,MLB,strikeouts_per_9,168913841672.6289,0.05910694368761167,2.5078777758794586,0.05759949188708915
gbm,MLB,MLB,walks_per_9,26633593298.503906,0.009319723497523844,0.5542914774728059,0.012730647309389496
gbm,MLB,MLB,earned_runs,11689746907.422852,0.00409051860603936,0.31891393036415727,0.007324631415998047
gbm,MLB,MLB,intentional_walks,7356676203.120117,0.0025742748004545226,0.1669682643914691,0.0038348309007384565
gbm,MLB,MLB,hit_by_pitch,0,0,0,0
gbm,MLB,MLB,wild_pitches,6068555521.666992,0.002123530942949592,0.3678804002302692,0.008449265084719578
gbm,MLB,MLB,balks,0,0,0,0
