model_name,trained_on,predicted_on,prediction_data_type,variable,permutation_importance,permutation_importance_abs,permutation_importance_standardized,permutation_importance_standardized_abs,permutation_importance_direction,coefficient,standardized_coefficient,p_value
linear_regression,MLB,MLB,test,age,0.2453943523136256,0.2453943523136256,0.010812381985371648,0.010812381985371648,worsened,0.1106606127484639,0.3909677406663294,1.847601983702853e-98
linear_regression,MLB,MLB,test,lefty,0.0011406816617542948,0.0011406816617542948,5.025986023848321e-5,5.025986023848321e-5,worsened,0.029896130151152348,0.013273941692776759,0.4305961202835972
linear_regression,MLB,MLB,test,games,0.21987953906617919,0.21987953906617919,0.009688167411907346,0.009688167411907346,worsened,-0.03284181444345691,-0.3417770947988086,0.004049687895084216
linear_regression,MLB,MLB,test,games_started,0.08078606136084143,0.08078606136084143,0.003559534872305167,0.003559534872305167,worsened,-0.0192171179061415,-0.1972675335951406,0.1851198366966533
linear_regression,MLB,MLB,test,games_finished,0.0019791279818105467,0.0019791279818105467,8.720285342966759e-5,8.720285342966759e-5,worsened,-0.04240097813090238,-0.049518404677435436,0.08546688354470824
linear_regression,MLB,MLB,test,complete_games,-1.8901682412475473e-5,1.8901682412475473e-5,-8.328317603196856e-7,8.328317603196856e-7,improved,0.0026094937913915144,0.0018282184210684374,0.950401039133088
linear_regression,MLB,MLB,test,shutouts,2.652439965507014e-4,2.652439965507014e-4,1.1686982128942588e-5,1.1686982128942588e-5,worsened,0.1070025055428067,0.044184012209089026,0.09439290710362855
linear_regression,MLB,MLB,test,saves,-5.075415658672977e-5,5.075415658672977e-5,-2.236291598348321e-6,2.236291598348321e-6,improved,-0.003308783976625557,-7.016528400037682e-4,0.9687036639595574
linear_regression,MLB,MLB,test,holds,3.543795325015031e-4,3.543795325015031e-4,1.5614405291229366e-5,1.5614405291229366e-5,worsened,0.03455537694757225,0.013579815268262631,0.49267294900113834
linear_regression,MLB,MLB,test,innings_pitched,22.695679143192127,22.695679143192127,1,1,worsened,0.05231505919187825,3.272680250368719,2.3977027858002265e-23
linear_regression,MLB,MLB,test,batters_faced,11.290425137903272,11.290425137903272,0.4974702482648547,0.4974702482648547,worsened,-0.009320404281109983,-2.416296219196897,5.4165141267965074e-11
linear_regression,MLB,MLB,test,wins,-1.9036832756835764e-5,1.9036832756835764e-5,-8.38786653473911e-7,8.38786653473911e-7,improved,-7.647922326933856e-5,-3.5722839495510396e-4,0.9936663895355644
linear_regression,MLB,MLB,test,losses,4.074480942583003e-4,4.074480942583003e-4,1.7952672475127047e-5,1.7952672475127047e-5,worsened,-0.013449964309181798,-0.05189192300365182,0.1741782011010404
linear_regression,MLB,MLB,test,era,-2.4473705956007397e-4,2.4473705956007397e-4,-1.0783420844821299e-5,1.0783420844821299e-5,improved,-9.116746645868698e-4,-0.0030301257407589683,0.9574100496523787
linear_regression,MLB,MLB,test,hits_per_9,0.003545954471535162,0.003545954471535162,1.5623918760760322e-4,1.5623918760760322e-4,worsened,0.01849397033972845,0.055016792401460936,0.20683949644174002
linear_regression,MLB,MLB,test,home_runs_per_9,6.191025851209897e-5,6.191025851209897e-5,2.7278433979213962e-6,2.7278433979213962e-6,worsened,-0.010401974219459915,-0.008796955340283063,0.6718854217360575
linear_regression,MLB,MLB,test,strikeouts_per_9,0.05730213632434478,0.05730213632434478,0.002524803772683459,0.002524803772683459,worsened,0.09022774538669369,0.1750651350316935,7.631429573422792e-20
linear_regression,MLB,MLB,test,walks_per_9,6.038386489413128e-4,6.038386489413128e-4,2.660588586627258e-5,2.660588586627258e-5,worsened,0.0021246668426580127,0.005976573114240853,0.8459835793351336
linear_regression,MLB,MLB,test,intentional_walks,0.010972355970622405,0.010972355970622405,4.834557230649654e-4,4.834557230649654e-4,worsened,-0.03530128952056502,-0.055184347021820665,0.005364552993047898
linear_regression,MLB,MLB,test,hit_by_pitch,-9.234573971915738e-4,9.234573971915738e-4,-4.0688687541151515e-5,4.0688687541151515e-5,improved,-0.0023554524826518894,-0.00783088346656879,0.7232315493659986
linear_regression,MLB,MLB,test,wild_pitches,0.004128626897137444,0.004128626897137444,1.8191246320892234e-4,1.8191246320892234e-4,worsened,0.005679584744347876,0.01753556179891445,0.40571994880425
linear_regression,MLB,MLB,test,balks,-0.003154357526603979,0.003154357526603979,-1.3898493659090044e-4,1.3898493659090044e-4,improved,0.0481640625468947,0.03274685683368865,0.06123408751168508
linear_regression,MLB,NPB,full_cross_league,age,0.44470303838756675,0.44470303838756675,0.023254610092007705,0.023254610092007705,worsened,0.1106606127484639,0.3909677406663294,1.847601983702853e-98
linear_regression,MLB,NPB,full_cross_league,lefty,-0.0011821487410907938,0.0011821487410907938,-6.181745045975105e-5,6.181745045975105e-5,improved,0.029896130151152348,0.013273941692776759,0.4305961202835972
linear_regression,MLB,NPB,full_cross_league,games,0.1388745667874306,0.1388745667874306,0.007262090931619938,0.007262090931619938,worsened,-0.03284181444345691,-0.3417770947988086,0.004049687895084216
linear_regression,MLB,NPB,full_cross_league,games_started,0.0448117563008974,0.0448117563008974,0.0023433163940005442,0.0023433163940005442,worsened,-0.0192171179061415,-0.1972675335951406,0.1851198366966533
linear_regression,MLB,NPB,full_cross_league,games_finished,-0.002152075147315524,0.002152075147315524,-1.1253727570870979e-4,1.1253727570870979e-4,improved,-0.04240097813090238,-0.049518404677435436,0.08546688354470824
linear_regression,MLB,NPB,full_cross_league,complete_games,5.236683615119642e-4,5.236683615119642e-4,2.7383900071013617e-5,2.7383900071013617e-5,worsened,0.0026094937913915144,0.0018282184210684374,0.950401039133088
linear_regression,MLB,NPB,full_cross_league,shutouts,0.02351128951001724,0.02351128951001724,0.0012294628619992987,0.0012294628619992987,worsened,0.1070025055428067,0.044184012209089026,0.09439290710362855
linear_regression,MLB,NPB,full_cross_league,saves,-3.432554963478385e-5,3.432554963478385e-5,-1.794966987059545e-6,1.794966987059545e-6,improved,-0.003308783976625557,-7.016528400037682e-4,0.9687036639595574
linear_regression,MLB,NPB,full_cross_league,holds,0.0010010781395872748,0.0010010781395872748,5.234882561662615e-5,5.234882561662615e-5,worsened,0.03455537694757225,0.013579815268262631,0.49267294900113834
linear_regression,MLB,NPB,full_cross_league,innings_pitched,19.123220584137215,19.123220584137215,1,1,worsened,0.05231505919187825,3.272680250368719,2.3977027858002265e-23
linear_regression,MLB,NPB,full_cross_league,batters_faced,8.83495997161651,8.83495997161651,0.4620016765871091,0.4620016765871091,worsened,-0.009320404281109983,-2.416296219196897,5.4165141267965074e-11
linear_regression,MLB,NPB,full_cross_league,wins,-8.41368827353417e-6,8.41368827353417e-6,-4.399723486175418e-7,4.399723486175418e-7,improved,-7.647922326933856e-5,-3.5722839495510396e-4,0.9936663895355644
linear_regression,MLB,NPB,full_cross_league,losses,0.003174378220886398,0.003174378220886398,1.659960050620112e-4,1.659960050620112e-4,worsened,-0.013449964309181798,-0.05189192300365182,0.1741782011010404
linear_regression,MLB,NPB,full_cross_league,era,3.350479473585022e-5,3.350479473585022e-5,1.7520477049583675e-6,1.7520477049583675e-6,worsened,-9.116746645868698e-4,-0.0030301257407589683,0.9574100496523787
linear_regression,MLB,NPB,full_cross_league,hits_per_9,0.00460550031338669,0.00460550031338669,2.408328813195289e-4,2.408328813195289e-4,worsened,0.01849397033972845,0.055016792401460936,0.20683949644174002
linear_regression,MLB,NPB,full_cross_league,home_runs_per_9,4.5156159305204113e-4,4.5156159305204113e-4,2.3613260698703292e-5,2.3613260698703292e-5,worsened,-0.010401974219459915,-0.008796955340283063,0.6718854217360575
linear_regression,MLB,NPB,full_cross_league,strikeouts_per_9,0.055364837077253926,0.055364837077253926,0.0028951628118110643,0.0028951628118110643,worsened,0.09022774538669369,0.1750651350316935,7.631429573422792e-20
linear_regression,MLB,NPB,full_cross_league,walks_per_9,4.122834326137914e-4,4.122834326137914e-4,2.1559309573398015e-5,2.1559309573398015e-5,worsened,0.0021246668426580127,0.005976573114240853,0.8459835793351336
linear_regression,MLB,NPB,full_cross_league,intentional_walks,0.0024303229567825824,0.0024303229567825824,1.2708753455464215e-4,1.2708753455464215e-4,worsened,-0.03530128952056502,-0.055184347021820665,0.005364552993047898
linear_regression,MLB,NPB,full_cross_league,hit_by_pitch,-5.686996591308668e-4,5.686996591308668e-4,-2.973869681776329e-5,2.973869681776329e-5,improved,-0.0023554524826518894,-0.00783088346656879,0.7232315493659986
linear_regression,MLB,NPB,full_cross_league,wild_pitches,7.085476233975596e-4,7.085476233975596e-4,3.7051689085535237e-5,3.7051689085535237e-5,worsened,0.005679584744347876,0.01753556179891445,0.40571994880425
linear_regression,MLB,NPB,full_cross_league,balks,-4.696048207557535e-4,4.696048207557535e-4,-2.4556785228179218e-5,2.4556785228179218e-5,improved,0.0481640625468947,0.03274685683368865,0.06123408751168508
linear_regression,NPB,NPB,test,age,0.28227362109363013,0.28227362109363013,0.022963061501000033,0.022963061501000033,worsened,0.07279075544219472,0.35717072268493383,2.042056995347134e-49
linear_regression,NPB,NPB,test,lefty,0.003773421366526808,0.003773421366526808,3.0696919738030045e-4,3.0696919738030045e-4,worsened,-0.11424463886636149,-0.05399429326731321,0.013925315191004897
linear_regression,NPB,NPB,test,games,0.24750198195065504,0.24750198195065504,0.020134376039577243,0.020134376039577243,worsened,-0.04480810673782873,-0.39498987679352465,0.01915643798171617
linear_regression,NPB,NPB,test,games_started,0.6638061896563925,0.6638061896563925,0.05400087439544386,0.05400087439544386,worsened,-0.07241874309014038,-0.6133454117089993,0.0087254054998478
linear_regression,NPB,NPB,test,games_finished,2.6284872062798392e-6,2.6284872062798392e-6,2.1382838799653522e-7,2.1382838799653522e-7,worsened,-9.5116622046539e-4,-7.934632946010357e-4,0.9830919168984212
linear_regression,NPB,NPB,test,complete_games,-4.752505793298445e-4,4.752505793298445e-4,-3.8661807076606726e-5,3.8661807076606726e-5,improved,-0.02740117676461551,-0.03860253014352986,0.3908634012264046
linear_regression,NPB,NPB,test,shutouts,0.019072411385876176,0.019072411385876176,0.0015515475868039979,0.0015515475868039979,worsened,0.14880618204730867,0.11109235591669983,0.0026049626781754066
linear_regression,NPB,NPB,test,saves,-3.248716925102757e-5,3.248716925102757e-5,-2.6428430067763704e-6,2.6428430067763704e-6,improved,-0.01596301619673749,-0.003015476302796551,0.9035750386531245
linear_regression,NPB,NPB,test,holds,-2.9354586510377256e-5,2.9354586510377256e-5,-2.3880062641440715e-6,2.3880062641440715e-6,improved,-0.005192864958494027,-0.0026846788757129564,0.9251402311818855
linear_regression,NPB,NPB,test,innings_pitched,12.292508169319548,12.292508169319548,1,1,worsened,0.043603449796118715,2.4643360757850914,3.65991448258812e-8
linear_regression,NPB,NPB,test,batters_faced,3.6200559539177912,3.6200559539177912,0.29449286541480324,0.29449286541480324,worsened,-0.005935206078300663,-1.3704280503122663,0.005841278752285141
linear_regression,NPB,NPB,test,wins,0.14359909536288157,0.14359909536288157,0.011681838513744953,0.011681838513744953,worsened,0.06267153260907808,0.2531749895294081,1.1432154167560886e-4
linear_regression,NPB,NPB,test,losses,0.014285898956274301,0.014285898956274301,0.0011621630638350916,0.0011621630638350916,worsened,0.02970722906585235,0.09619667169633735,0.0557168718228273
linear_regression,NPB,NPB,test,era,8.740741827689691e-5,8.740741827689691e-5,7.110625193242019e-6,7.110625193242019e-6,worsened,-0.001049265680470142,-0.0032980153411218383,0.944949657644716
linear_regression,NPB,NPB,test,hits_per_9,0.002055511711040958,0.002055511711040958,1.6721662355053296e-4,1.6721662355053296e-4,worsened,0.010838493409972231,0.034204056964435514,0.4156884763043457
linear_regression,NPB,NPB,test,home_runs_per_9,4.589460044159832e-4,4.589460044159832e-4,3.7335423991130705e-5,3.7335423991130705e-5,worsened,-0.02330792881881588,-0.01790938725471758,0.4622232254091918
linear_regression,NPB,NPB,test,strikeouts_per_9,0.011658443209429326,0.011658443209429326,9.484185854378552e-4,9.484185854378552e-4,worsened,0.03238968479408533,0.06501681011293638,0.004804886612104694
linear_regression,NPB,NPB,test,walks_per_9,0.0018668543871234733,0.0018668543871234733,1.5186928179416562e-4,1.5186928179416562e-4,worsened,0.01098521367154448,0.025328094845912415,0.3959492723531983
linear_regression,NPB,NPB,test,intentional_walks,-0.0026581295685597084,0.0026581295685597084,-2.16239804923949e-4,2.16239804923949e-4,improved,-0.025358426433624938,-0.02448682854114493,0.29179109132107073
linear_regression,NPB,NPB,test,hit_by_pitch,-0.0012404124492580992,0.0012404124492580992,-1.009080028398112e-4,1.009080028398112e-4,improved,0.013732574964740304,0.036174843315700415,0.22147110858922434
linear_regression,NPB,NPB,test,wild_pitches,-5.215141313540395e-4,5.215141313540395e-4,-4.242536382084079e-5,4.242536382084079e-5,improved,0.0036767583644590025,0.00762291672599504,0.778170626403409
linear_regression,NPB,NPB,test,balks,0.007881196825239745,0.007881196825239745,6.411382214827528e-4,6.411382214827528e-4,worsened,-0.09238130555797885,-0.03782384155224999,0.08283822072674826
linear_regression,NPB,MLB,full_cross_league,age,0.17607648725909708,0.17607648725909708,0.011911064450079499,0.011911064450079499,worsened,0.07279075544219472,0.35717072268493383,2.042056995347134e-49
linear_regression,NPB,MLB,full_cross_league,lefty,-0.003836428812428072,0.003836428812428072,-2.5952329896115537e-4,2.5952329896115537e-4,improved,-0.11424463886636149,-0.05399429326731321,0.013925315191004897
linear_regression,NPB,MLB,full_cross_league,games,0.4627305072541382,0.4627305072541382,0.0313023787600423,0.0313023787600423,worsened,-0.04480810673782873,-0.39498987679352465,0.01915643798171617
linear_regression,NPB,MLB,full_cross_league,games_started,1.1068416395172127,1.1068416395172127,0.07487463152829361,0.07487463152829361,worsened,-0.07241874309014038,-0.6133454117089993,0.0087254054998478
linear_regression,NPB,MLB,full_cross_league,games_finished,9.465888538240375e-5,9.465888538240375e-5,6.403399466411418e-6,6.403399466411418e-6,worsened,-9.5116622046539e-4,-7.934632946010357e-4,0.9830919168984212
linear_regression,NPB,MLB,full_cross_league,complete_games,0.0020307351462645062,0.0020307351462645062,1.3737335168781007e-4,1.3737335168781007e-4,worsened,-0.02740117676461551,-0.03860253014352986,0.3908634012264046
linear_regression,NPB,MLB,full_cross_league,shutouts,0.003922179214179478,0.003922179214179478,2.6532406530867025e-4,2.6532406530867025e-4,worsened,0.14880618204730867,0.11109235591669983,0.0026049626781754066
linear_regression,NPB,MLB,full_cross_league,saves,1.6017428901748954e-4,1.6017428901748954e-4,1.0835326791393657e-5,1.0835326791393657e-5,worsened,-0.01596301619673749,-0.003015476302796551,0.9035750386531245
linear_regression,NPB,MLB,full_cross_league,holds,-1.069623567333533e-4,1.069623567333533e-4,-7.2356936727651705e-6,7.2356936727651705e-6,improved,-0.005192864958494027,-0.0026846788757129564,0.9251402311818855
linear_regression,NPB,MLB,full_cross_league,innings_pitched,14.782598817851405,14.782598817851405,1,1,worsened,0.043603449796118715,2.4643360757850914,3.65991448258812e-8
linear_regression,NPB,MLB,full_cross_league,batters_faced,4.866438088427073,4.866438088427073,0.32920044360199935,0.32920044360199935,worsened,-0.005935206078300663,-1.3704280503122663,0.005841278752285141
linear_regression,NPB,MLB,full_cross_league,wins,0.14968610644215763,0.14968610644215763,0.010125831613680627,0.010125831613680627,worsened,0.06267153260907808,0.2531749895294081,1.1432154167560886e-4
linear_regression,NPB,MLB,full_cross_league,losses,0.016239381407664677,0.016239381407664677,0.0010985471233957908,0.0010985471233957908,worsened,0.02970722906585235,0.09619667169633735,0.0557168718228273
linear_regression,NPB,MLB,full_cross_league,era,1.4530237419152492e-5,1.4530237419152492e-5,9.829284822101672e-7,9.829284822101672e-7,worsened,-0.001049265680470142,-0.0032980153411218383,0.944949657644716
linear_regression,NPB,MLB,full_cross_league,hits_per_9,1.827577391991797e-4,1.827577391991797e-4,1.2363031795091552e-5,1.2363031795091552e-5,worsened,0.010838493409972231,0.034204056964435514,0.4156884763043457
linear_regression,NPB,MLB,full_cross_league,home_runs_per_9,-3.688226504805492e-5,3.688226504805492e-5,-2.494978420405758e-6,2.494978420405758e-6,improved,-0.02330792881881588,-0.01790938725471758,0.4622232254091918
linear_regression,NPB,MLB,full_cross_league,strikeouts_per_9,0.025321140624738447,0.025321140624738447,0.0017129018338886896,0.0017129018338886896,worsened,0.03238968479408533,0.06501681011293638,0.004804886612104694
linear_regression,NPB,MLB,full_cross_league,walks_per_9,-0.0010801721270567999,0.0010801721270567999,-7.307051624457186e-5,7.307051624457186e-5,improved,0.01098521367154448,0.025328094845912415,0.3959492723531983
linear_regression,NPB,MLB,full_cross_league,intentional_walks,0.010772299195469515,0.010772299195469515,7.287148442708823e-4,7.287148442708823e-4,worsened,-0.025358426433624938,-0.02448682854114493,0.29179109132107073
linear_regression,NPB,MLB,full_cross_league,hit_by_pitch,-6.955976333279379e-4,6.955976333279379e-4,-4.7055165461700625e-5,4.7055165461700625e-5,improved,0.013732574964740304,0.036174843315700415,0.22147110858922434
linear_regression,NPB,MLB,full_cross_league,wild_pitches,4.1183468665151324e-4,4.1183468665151324e-4,2.7859423889267927e-5,2.7859423889267927e-5,worsened,0.0036767583644590025,0.00762291672599504,0.778170626403409
linear_regression,NPB,MLB,full_cross_league,balks,0.0032275649778266136,0.0032275649778266136,2.183354238044409e-4,2.183354238044409e-4,worsened,-0.09238130555797885,-0.03782384155224999,0.08283822072674826
