model_name,trained_on,predicted_on,variable,permutation_importance,permutation_importance_standardized,rpart_importance,rpart_importance_standardized
regression_tree,NPB,NPB,age,3535007666196716,0.7304536019277478,1684323781194929400,0.378866786476724
regression_tree,NPB,NPB,lefty,0,0,0,0
regression_tree,NPB,NPB,games,0,0,2724451862707945500,0.6128301064551825
regression_tree,NPB,NPB,games_started,0,0,3310773018891548e3,0.7447154451096099
regression_tree,NPB,NPB,games_finished,0,0,0,0
regression_tree,NPB,NPB,complete_games,0,0,242470641718523300,0.05454062566145911
regression_tree,NPB,NPB,shutouts,0,0,246889693444725760,0.055534634025808736
regression_tree,NPB,NPB,saves,0,0,0,0
regression_tree,NPB,NPB,holds,0,0,0,0
regression_tree,NPB,NPB,innings_pitched,4839469142006337,1,4445688672945754e3,1
regression_tree,NPB,NPB,batters_faced,207219061711808.5,0.04281855212447951,3953458677834495e3,0.889279247531046
regression_tree,NPB,NPB,wins,0,0,2675968353202323e3,0.6019243698927756
regression_tree,NPB,NPB,losses,0,0,148322587657784e3,0.03336324213622995
regression_tree,NPB,NPB,era,820441318501519,0.1695312635388315,841982725958938400,0.18939309247694866
regression_tree,NPB,NPB,hits_per_9,0,0,464626827972243e3,0.10451177807382922
regression_tree,NPB,NPB,home_runs_per_9,0,0,308480725770820900,0.06938873782324904
regression_tree,NPB,NPB,strikeouts_per_9,1098677547015469,0.2270243935391603,785661235344146700,0.17672430373392753
regression_tree,NPB,NPB,walks_per_9,0,0,128183178922668580,0.028833143378376343
regression_tree,NPB,NPB,earned_runs,0,0,2236413177178610400,0.503052134709366
regression_tree,NPB,NPB,intentional_walks,0,0,0,0
regression_tree,NPB,NPB,hit_by_pitch,0,0,0,0
regression_tree,NPB,NPB,wild_pitches,0,0,28902430549349552,0.006501226845963223
regression_tree,NPB,NPB,balks,0,0,0,0
regression_tree,NPB,MLB,age,330260286619840,0.25133642791379046,1684323781194929400,0.378866786476724
regression_tree,NPB,MLB,lefty,0,0,0,0
regression_tree,NPB,MLB,games,0,0,2724451862707945500,0.6128301064551825
regression_tree,NPB,MLB,games_started,0,0,3310773018891548e3,0.7447154451096099
regression_tree,NPB,MLB,games_finished,0,0,0,0
regression_tree,NPB,MLB,complete_games,0,0,242470641718523300,0.05454062566145911
regression_tree,NPB,MLB,shutouts,0,0,246889693444725760,0.055534634025808736
regression_tree,NPB,MLB,saves,0,0,0,0
regression_tree,NPB,MLB,holds,0,0,0,0
regression_tree,NPB,MLB,innings_pitched,178941936056574,0.13617933743334737,4445688672945754e3,1
regression_tree,NPB,MLB,batters_faced,214152330428366,0.16297533775605286,3953458677834495e3,0.889279247531046
regression_tree,NPB,MLB,wins,0,0,2675968353202323e3,0.6019243698927756
regression_tree,NPB,MLB,losses,0,0,148322587657784e3,0.03336324213622995
regression_tree,NPB,MLB,era,-51679293618394,-0.03932924902383586,841982725958938400,0.18939309247694866
regression_tree,NPB,MLB,hits_per_9,0,0,464626827972243e3,0.10451177807382922
regression_tree,NPB,MLB,home_runs_per_9,0,0,308480725770820900,0.06938873782324904
regression_tree,NPB,MLB,strikeouts_per_9,1314016791601418,1,785661235344146700,0.17672430373392753
regression_tree,NPB,MLB,walks_per_9,0,0,128183178922668580,0.028833143378376343
regression_tree,NPB,MLB,earned_runs,0,0,2236413177178610400,0.503052134709366
regression_tree,NPB,MLB,intentional_walks,0,0,0,0
regression_tree,NPB,MLB,hit_by_pitch,0,0,0,0
regression_tree,NPB,MLB,wild_pitches,0,0,28902430549349552,0.006501226845963223
regression_tree,NPB,MLB,balks,0,0,0,0
regression_tree,MLB,NPB,age,178056527579082,0.972521477191559,17035471836934838,1
regression_tree,MLB,NPB,lefty,0,0,0,0
regression_tree,MLB,NPB,games,0,0,6560354371026407,0.38509965757466214
regression_tree,MLB,NPB,games_started,0,0,8356654581762534,0.49054435719498873
regression_tree,MLB,NPB,games_finished,0,0,0,0
regression_tree,MLB,NPB,complete_games,0,0,1823439863207678.8,0.10703782558310208
regression_tree,MLB,NPB,shutouts,0,0,0,0
regression_tree,MLB,NPB,saves,0,0,0,0
regression_tree,MLB,NPB,holds,0,0,0,0
regression_tree,MLB,NPB,innings_pitched,23622166336866,0.1290211845234957,11487797544659342,0.6743457213643177
regression_tree,MLB,NPB,batters_faced,0,0,10097469770225572,0.5927320280224414
regression_tree,MLB,NPB,wins,183087501669652,1,13700495375641904,0.8042333964556047
regression_tree,MLB,NPB,losses,0,0,1379515208263827.2,0.08097898440786838
regression_tree,MLB,NPB,era,34694053946996,0.1894943872771561,3518407951943685.5,0.20653422374338803
regression_tree,MLB,NPB,hits_per_9,30373512981034,0.16589615732393062,3971751541215694.5,0.23314596620708128
regression_tree,MLB,NPB,home_runs_per_9,0,0,1040183999174952.2,0.06105988781125012
regression_tree,MLB,NPB,strikeouts_per_9,41418928604522,0.22622477354710374,7427572011587797,0.43600623937424365
regression_tree,MLB,NPB,walks_per_9,29970719080722,0.16369614969567226,2310489567697288.5,0.13562815223514293
regression_tree,MLB,NPB,earned_runs,0,0,3124652081575610,0.18342034265238308
regression_tree,MLB,NPB,intentional_walks,0,0,0,0
regression_tree,MLB,NPB,hit_by_pitch,0,0,0,0
regression_tree,MLB,NPB,wild_pitches,0,0,0,0
regression_tree,MLB,NPB,balks,0,0,0,0
regression_tree,MLB,MLB,age,15892929362596.938,1,17035471836934838,1
regression_tree,MLB,MLB,lefty,0,0,0,0
regression_tree,MLB,MLB,games,0,0,6560354371026407,0.38509965757466214
regression_tree,MLB,MLB,games_started,0,0,8356654581762534,0.49054435719498873
regression_tree,MLB,MLB,games_finished,0,0,0,0
regression_tree,MLB,MLB,complete_games,0,0,1823439863207678.8,0.10703782558310208
regression_tree,MLB,MLB,shutouts,0,0,0,0
regression_tree,MLB,MLB,saves,0,0,0,0
regression_tree,MLB,MLB,holds,0,0,0,0
regression_tree,MLB,MLB,innings_pitched,3394573015623.123,0.21359014050688782,11487797544659342,0.6743457213643177
regression_tree,MLB,MLB,batters_faced,0,0,10097469770225572,0.5927320280224414
regression_tree,MLB,MLB,wins,10852107277226.484,0.6828261190643855,13700495375641904,0.8042333964556047
regression_tree,MLB,MLB,losses,0,0,1379515208263827.2,0.08097898440786838
regression_tree,MLB,MLB,era,840453069538.541,0.05288220002515693,3518407951943685.5,0.20653422374338803
regression_tree,MLB,MLB,hits_per_9,673174740302.0898,0.042356869834604974,3971751541215694.5,0.23314596620708128
regression_tree,MLB,MLB,home_runs_per_9,0,0,1040183999174952.2,0.06105988781125012
regression_tree,MLB,MLB,strikeouts_per_9,7273542283377.559,0.45765900781610513,7427572011587797,0.43600623937424365
regression_tree,MLB,MLB,walks_per_9,1739537935441.463,0.1094535749674545,2310489567697288.5,0.13562815223514293
regression_tree,MLB,MLB,earned_runs,0,0,3124652081575610,0.18342034265238308
regression_tree,MLB,MLB,intentional_walks,0,0,0,0
regression_tree,MLB,MLB,hit_by_pitch,0,0,0,0
regression_tree,MLB,MLB,wild_pitches,0,0,0,0
regression_tree,MLB,MLB,balks,0,0,0,0
