model_name,trained_on,predicted_on,prediction_data_type,variable,permutation_importance,permutation_importance_abs,permutation_importance_standardized,permutation_importance_standardized_abs,permutation_importance_direction,gbm_relative_influence,gbm_relative_influence_standardized
gbm,MLB,MLB,test,age,0.10667897160111528,0.10667897160111528,0.27342244230062457,0.27342244230062457,worsened,17.400932475023584,0.2897147736507688
gbm,MLB,MLB,test,lefty,0,0,0,0,no_change,0,0
gbm,MLB,MLB,test,games,5.657599862903817e-4,5.657599862903817e-4,0.0014500653210821428,0.0014500653210821428,worsened,3.0947071901767935,0.05152496249292303
gbm,MLB,MLB,test,games_started,6.237488937610447e-4,6.237488937610447e-4,0.0015986931946827528,0.0015986931946827528,worsened,0.580095233295826,0.00965822719279085
gbm,MLB,MLB,test,games_finished,-0.0016522495829101591,0.0016522495829101591,-0.004234781320714953,0.004234781320714953,improved,4.3262318640499755,0.07202908735224452
gbm,MLB,MLB,test,complete_games,0,0,0,0,no_change,0,0
gbm,MLB,MLB,test,shutouts,0,0,0,0,no_change,0,0
gbm,MLB,MLB,test,saves,0.39016172448574316,0.39016172448574316,1,1,worsened,60.062289042944045,1
gbm,MLB,MLB,test,holds,0.035462531617337034,0.035462531617337034,0.0908918773723353,0.0908918773723353,worsened,5.634576793536101,0.09381222200018759
gbm,MLB,MLB,test,innings_pitched,-0.0023140465816570144,0.0023140465816570144,-0.00593099332003176,0.00593099332003176,improved,2.375299898736551,0.039547275613126084
gbm,MLB,MLB,test,batters_faced,-0.0012167248983682155,0.0012167248983682155,-0.0031185142519347146,0.0031185142519347146,improved,0.7017189143196274,0.011683186330409488
gbm,MLB,MLB,test,wins,0.0020632008067690277,0.0020632008067690277,0.0052880656335227445,0.0052880656335227445,worsened,1.7418238555552559,0.029000290919812696
gbm,MLB,MLB,test,losses,0,0,0,0,no_change,0,0
gbm,MLB,MLB,test,era,0.0025531134198992778,0.0025531134198992778,0.006543731123970288,0.006543731123970288,worsened,0.9850043798412257,0.01639971428889358
gbm,MLB,MLB,test,hits_per_9,0.002387595820068311,0.002387595820068311,0.006119502940005987,0.006119502940005987,worsened,0.2943973615168156,0.004901534160749749
gbm,MLB,MLB,test,home_runs_per_9,0,0,0,0,no_change,0,0
gbm,MLB,MLB,test,strikeouts_per_9,0.006359761255661733,0.006359761255661733,0.016300320755564337,0.016300320755564337,worsened,1.9107896059604632,0.031813466259906685
gbm,MLB,MLB,test,walks_per_9,7.424251526491066e-4,7.424251526491066e-4,0.0019028651609218409,0.0019028651609218409,worsened,0.15584607045215096,0.0025947407755425754
gbm,MLB,MLB,test,intentional_walks,0.001174813167546307,0.001174813167546307,0.0030110928207906147,0.0030110928207906147,worsened,0.10639208076215854,0.0017713624048875172
gbm,MLB,MLB,test,hit_by_pitch,-0.0016659439746197213,0.0016659439746197213,-0.0042698805907102665,0.0042698805907102665,improved,0.2781101770924184,0.0046303626039555686
gbm,MLB,MLB,test,wild_pitches,3.992914873972575e-4,3.992914873972575e-4,0.0010233999450447067,0.0010233999450447067,worsened,0.35178505673700916,0.005857003826235888
gbm,MLB,MLB,test,balks,0,0,0,0,no_change,0,0
gbm,MLB,NPB,full_cross_league,age,0.15266333689147016,0.15266333689147016,0.3349292144877765,0.3349292144877765,worsened,17.400932475023584,0.2897147736507688
gbm,MLB,NPB,full_cross_league,lefty,0,0,0,0,no_change,0,0
gbm,MLB,NPB,full_cross_league,games,0.005396177417474668,0.005396177417474668,0.011838713213483095,0.011838713213483095,worsened,3.0947071901767935,0.05152496249292303
gbm,MLB,NPB,full_cross_league,games_started,4.981691169491098e-4,4.981691169491098e-4,0.0010929368794057664,0.0010929368794057664,worsened,0.580095233295826,0.00965822719279085
gbm,MLB,NPB,full_cross_league,games_finished,0.0031167882803505575,0.0031167882803505575,0.006837944667779933,0.006837944667779933,worsened,4.3262318640499755,0.07202908735224452
gbm,MLB,NPB,full_cross_league,complete_games,0,0,0,0,no_change,0,0
gbm,MLB,NPB,full_cross_league,shutouts,0,0,0,0,no_change,0,0
gbm,MLB,NPB,full_cross_league,saves,0.45580776560487746,0.45580776560487746,1,1,worsened,60.062289042944045,1
gbm,MLB,NPB,full_cross_league,holds,0.07839252361647686,0.07839252361647686,0.17198593251794744,0.17198593251794744,worsened,5.634576793536101,0.09381222200018759
gbm,MLB,NPB,full_cross_league,innings_pitched,-8.896780817473915e-4,8.896780817473915e-4,-0.0019518712687282731,0.0019518712687282731,improved,2.375299898736551,0.039547275613126084
gbm,MLB,NPB,full_cross_league,batters_faced,-7.287101959407849e-4,7.287101959407849e-4,-0.0015987226434673696,0.0015987226434673696,improved,0.7017189143196274,0.011683186330409488
gbm,MLB,NPB,full_cross_league,wins,0.007283444684538121,0.007283444684538121,0.01597920271251338,0.01597920271251338,worsened,1.7418238555552559,0.029000290919812696
gbm,MLB,NPB,full_cross_league,losses,0,0,0,0,no_change,0,0
gbm,MLB,NPB,full_cross_league,era,0.001969445107939838,0.001969445107939838,0.004320780066847469,0.004320780066847469,worsened,0.9850043798412257,0.01639971428889358
gbm,MLB,NPB,full_cross_league,hits_per_9,2.700406471131678e-4,2.700406471131678e-4,5.924441562657706e-4,5.924441562657706e-4,worsened,0.2943973615168156,0.004901534160749749
gbm,MLB,NPB,full_cross_league,home_runs_per_9,0,0,0,0,no_change,0,0
gbm,MLB,NPB,full_cross_league,strikeouts_per_9,0.0033103719713410973,0.0033103719713410973,0.007262649347248581,0.007262649347248581,worsened,1.9107896059604632,0.031813466259906685
gbm,MLB,NPB,full_cross_league,walks_per_9,0.0010004557801597258,0.0010004557801597258,0.0021949072737540484,0.0021949072737540484,worsened,0.15584607045215096,0.0025947407755425754
gbm,MLB,NPB,full_cross_league,intentional_walks,-8.304551787434722e-4,8.304551787434722e-4,-0.0018219417074683243,0.0018219417074683243,improved,0.10639208076215854,0.0017713624048875172
gbm,MLB,NPB,full_cross_league,hit_by_pitch,1.267185169571694e-4,1.267185169571694e-4,2.7800868374633375e-4,2.7800868374633375e-4,worsened,0.2781101770924184,0.0046303626039555686
gbm,MLB,NPB,full_cross_league,wild_pitches,4.199764155071728e-5,4.199764155071728e-5,9.213893382221016e-5,9.213893382221016e-5,worsened,0.35178505673700916,0.005857003826235888
gbm,MLB,NPB,full_cross_league,balks,0,0,0,0,no_change,0,0
gbm,NPB,NPB,test,age,0.1517865560665389,0.1517865560665389,0.2368981360620523,0.2368981360620523,worsened,15.469530767601494,0.2904982013019873
gbm,NPB,NPB,test,lefty,0,0,0,0,no_change,0,0
gbm,NPB,NPB,test,games,0.021574621140074357,0.021574621140074357,0.0336722017204742,0.0336722017204742,worsened,8.44906856256344,0.15866280994393733
gbm,NPB,NPB,test,games_started,0.002406015098835479,0.002406015098835479,0.003755144770538283,0.003755144770538283,worsened,0.5926841247631581,0.011129857444967292
gbm,NPB,NPB,test,games_finished,0.003410324840107948,0.003410324840107948,0.005322603127206662,0.005322603127206662,worsened,2.8732959113396563,0.053956859234583
gbm,NPB,NPB,test,complete_games,0,0,0,0,no_change,0,0
gbm,NPB,NPB,test,shutouts,0,0,0,0,no_change,0,0
gbm,NPB,NPB,test,saves,0.6407249908744763,0.6407249908744763,1,1,worsened,53.251726510761245,1
gbm,NPB,NPB,test,holds,0.09134492852849285,0.09134492852849285,0.1425649534971676,0.1425649534971676,worsened,13.370975551084529,0.25108999138990334
gbm,NPB,NPB,test,innings_pitched,0.002546043196518244,0.002546043196518244,0.0039736911042651,0.0039736911042651,worsened,0.6954246106116608,0.013059193685882235
gbm,NPB,NPB,test,batters_faced,0.0035197778440354544,0.0035197778440354544,0.005493429933537601,0.005493429933537601,worsened,0.5278493974936802,0.009912343356360681
gbm,NPB,NPB,test,wins,-2.1854660302461637e-4,2.1854660302461637e-4,-3.410926780401353e-4,3.410926780401353e-4,improved,0.4786849616439462,0.008989097499913215
gbm,NPB,NPB,test,losses,0.006528006065320668,0.006528006065320668,0.010188467998432673,0.010188467998432673,worsened,2.9143950097380786,0.05472864826550047
gbm,NPB,NPB,test,era,0,0,0,0,no_change,0,0
gbm,NPB,NPB,test,hits_per_9,0,0,0,0,no_change,0,0
gbm,NPB,NPB,test,home_runs_per_9,0,0,0,0,no_change,0,0
gbm,NPB,NPB,test,strikeouts_per_9,-4.5338280717388546e-4,4.5338280717388546e-4,-7.076090579128155e-4,7.076090579128155e-4,improved,0.999382065617855,0.01876712983974139
gbm,NPB,NPB,test,walks_per_9,-2.1407097768749717e-4,2.1407097768749717e-4,-3.341074263317373e-4,3.341074263317373e-4,improved,0.11294897954666663,0.0021210388272358007
gbm,NPB,NPB,test,intentional_walks,0.0012239631278159746,0.0012239631278159746,0.001910278427169637,0.001910278427169637,worsened,0.13771177717706737,0.002586052813691181
gbm,NPB,NPB,test,hit_by_pitch,1.6363334895991288e-4,1.6363334895991288e-4,2.553878048936132e-4,2.553878048936132e-4,worsened,0.12632177005751644,0.002372162901272112
gbm,NPB,NPB,test,wild_pitches,0,0,0,0,no_change,0,0
gbm,NPB,NPB,test,balks,0,0,0,0,no_change,0,0
gbm,NPB,MLB,full_cross_league,age,0.08004958532020501,0.08004958532020501,0.1746018366685081,0.1746018366685081,worsened,15.469530767601494,0.2904982013019873
gbm,NPB,MLB,full_cross_league,lefty,0,0,0,0,no_change,0,0
gbm,NPB,MLB,full_cross_league,games,-0.005808233015795916,0.005808233015795916,-0.012668749604386301,0.012668749604386301,improved,8.44906856256344,0.15866280994393733
gbm,NPB,MLB,full_cross_league,games_started,0.0017735700714859304,0.0017735700714859304,0.0038684596641324308,0.0038684596641324308,worsened,0.5926841247631581,0.011129857444967292
gbm,NPB,MLB,full_cross_league,games_finished,8.682651310756295e-4,8.682651310756295e-4,0.0018938347524801342,0.0018938347524801342,worsened,2.8732959113396563,0.053956859234583
gbm,NPB,MLB,full_cross_league,complete_games,0,0,0,0,no_change,0,0
gbm,NPB,MLB,full_cross_league,shutouts,0,0,0,0,no_change,0,0
gbm,NPB,MLB,full_cross_league,saves,0.45846931995442797,0.45846931995442797,1,1,worsened,53.251726510761245,1
gbm,NPB,MLB,full_cross_league,holds,0.015398082950190517,0.015398082950190517,0.0335858524878417,0.0335858524878417,worsened,13.370975551084529,0.25108999138990334
gbm,NPB,MLB,full_cross_league,innings_pitched,-0.0032668035740827106,0.0032668035740827106,-0.007125457324837859,0.007125457324837859,improved,0.6954246106116608,0.013059193685882235
gbm,NPB,MLB,full_cross_league,batters_faced,0.0029424823541782663,0.0029424823541782663,0.006418057274739235,0.006418057274739235,worsened,0.5278493974936802,0.009912343356360681
gbm,NPB,MLB,full_cross_league,wins,-7.450270357273192e-4,7.450270357273192e-4,-0.0016250313887990918,0.0016250313887990918,improved,0.4786849616439462,0.008989097499913215
gbm,NPB,MLB,full_cross_league,losses,-0.00642535221433016,0.00642535221433016,-0.014014792123863038,0.014014792123863038,improved,2.9143950097380786,0.05472864826550047
gbm,NPB,MLB,full_cross_league,era,0,0,0,0,no_change,0,0
gbm,NPB,MLB,full_cross_league,hits_per_9,0,0,0,0,no_change,0,0
gbm,NPB,MLB,full_cross_league,home_runs_per_9,0,0,0,0,no_change,0,0
gbm,NPB,MLB,full_cross_league,strikeouts_per_9,0.0046357177653015835,0.0046357177653015835,0.010111293304778552,0.010111293304778552,worsened,0.999382065617855,0.01876712983974139
gbm,NPB,MLB,full_cross_league,walks_per_9,9.48267870188868e-5,9.48267870188868e-5,2.0683344095590218e-4,2.0683344095590218e-4,worsened,0.11294897954666663,0.0021210388272358007
gbm,NPB,MLB,full_cross_league,intentional_walks,-0.0013073918041834887,0.0013073918041834887,-0.002851645131485448,0.002851645131485448,improved,0.13771177717706737,0.002586052813691181
gbm,NPB,MLB,full_cross_league,hit_by_pitch,-7.310453977534825e-4,7.310453977534825e-4,-0.0015945350450628818,0.0015945350450628818,improved,0.12632177005751644,0.002372162901272112
gbm,NPB,MLB,full_cross_league,wild_pitches,0,0,0,0,no_change,0,0
gbm,NPB,MLB,full_cross_league,balks,0,0,0,0,no_change,0,0
