model_name,trained_on,predicted_on,prediction_data_type,variable,permutation_importance,permutation_importance_abs,permutation_importance_standardized,permutation_importance_standardized_abs,permutation_importance_direction,coefficient,standardized_coefficient
lasso,MLB,MLB,test,age,0.31559847765228477,0.31559847765228477,0.021974385466957597,0.021974385466957597,worsened,0.11037519986112598,0.38995936714527185
lasso,MLB,MLB,test,lefty,0.0033090995076525687,0.0033090995076525687,2.3040487606468252e-4,2.3040487606468252e-4,worsened,0.02858502250478194,0.012691807270599587
lasso,MLB,MLB,test,games,0.17164451212474896,0.17164451212474896,0.011951206801677692,0.011951206801677692,worsened,-0.03543915206980058,-0.3688069810333747
lasso,MLB,MLB,test,games_started,0.07646996264939021,0.07646996264939021,0.005324425036526742,0.005324425036526742,worsened,-0.019139797842504823,-0.19647382777902794
lasso,MLB,MLB,test,games_finished,2.1644552559618724e-4,2.1644552559618724e-4,1.5070596814757553e-5,1.5070596814757553e-5,worsened,-0.04095981200039414,-0.04783532445608768
lasso,MLB,MLB,test,complete_games,3.581182987655307e-5,3.581182987655307e-5,2.4934941379898276e-6,2.4934941379898276e-6,worsened,0.010027240920658414,0.007025112159344669
lasso,MLB,MLB,test,shutouts,0.003301097292286559,0.003301097292286559,2.2984770048401938e-4,2.2984770048401938e-4,worsened,0.10438339232061845,0.04310251481798489
lasso,MLB,MLB,test,saves,-9.45908865834788e-6,9.45908865834788e-6,-6.586142680120064e-7,6.586142680120064e-7,improved,-0.0011025953845603626,-2.3381374801651953e-4
lasso,MLB,MLB,test,holds,0.0028033605419034435,0.0028033605419034435,1.9519145215433025e-4,1.9519145215433025e-4,worsened,0.03727403770621769,0.014648213709856646
lasso,MLB,MLB,test,innings_pitched,14.362107105422506,14.362107105422506,1,1,worsened,0.04312809804319847,2.697970276288126
lasso,MLB,MLB,test,batters_faced,6.571966804010265,6.571966804010265,0.45759071115191563,0.45759071115191563,worsened,-0.006955988647062246,-1.8033261821848123
lasso,MLB,MLB,test,wins,0.0013168886726661055,0.0013168886726661055,9.169188497201123e-5,9.169188497201123e-5,worsened,0.003016813994633762,0.014091299245885177
lasso,MLB,MLB,test,losses,0.009613143750760167,0.009613143750760167,6.693407645686378e-4,6.693407645686378e-4,worsened,-0.019109156019280555,-0.07372590960262548
lasso,MLB,MLB,test,era,3.753447963961154e-5,3.753447963961154e-5,2.6134382207357413e-6,2.6134382207357413e-6,worsened,0.005092372542989557,0.016925477611072246
lasso,MLB,MLB,test,hits_per_9,0.00189953572904622,0.00189953572904622,1.3226023974776224e-4,1.3226023974776224e-4,worsened,0.010518468633377439,0.03129086910779063
lasso,MLB,MLB,test,home_runs_per_9,-2.5641301638412717e-4,2.5641301638412717e-4,-1.785343992368061e-5,1.785343992368061e-5,improved,-0.012004392113698331,-0.010152121038128608
lasso,MLB,MLB,test,strikeouts_per_9,0.07352275274091591,0.07352275274091591,0.005119217688688376,0.005119217688688376,worsened,0.09194092060602271,0.17838913753025332
lasso,MLB,MLB,test,walks_per_9,0,0,0,0,no_change,0,0
lasso,MLB,MLB,test,intentional_walks,0.012945745298416966,0.012945745298416966,9.013820328306294e-4,9.013820328306294e-4,worsened,-0.03866764313109001,-0.060446761748431374
lasso,MLB,MLB,test,hit_by_pitch,-0.00175762989862982,0.00175762989862982,-1.2237966795040927e-4,1.2237966795040927e-4,improved,-0.00450534711139176,-0.014978373992087584
lasso,MLB,MLB,test,wild_pitches,0.0014425768246006943,0.0014425768246006943,1.0044325766488957e-4,1.0044325766488957e-4,worsened,0.0031141770438215563,0.009614936031905927
lasso,MLB,MLB,test,balks,-3.7504067042637423e-4,3.7504067042637423e-4,-2.6113206625842195e-5,2.6113206625842195e-5,improved,0.044963053850890444,0.03057048366356033
lasso,MLB,NPB,full_cross_league,age,0.3757293382774879,0.3757293382774879,0.03148300788950373,0.03148300788950373,worsened,0.11037519986112598,0.38995936714527185
lasso,MLB,NPB,full_cross_league,lefty,-2.3344655130430603e-4,2.3344655130430603e-4,-1.9560888298435174e-5,1.9560888298435174e-5,improved,0.02858502250478194,0.012691807270599587
lasso,MLB,NPB,full_cross_league,games,0.17598493895294376,0.17598493895294376,0.014746080907308605,0.014746080907308605,worsened,-0.03543915206980058,-0.3688069810333747
lasso,MLB,NPB,full_cross_league,games_started,0.03867562500386523,0.03867562500386523,0.0032406971803434804,0.0032406971803434804,worsened,-0.019139797842504823,-0.19647382777902794
lasso,MLB,NPB,full_cross_league,games_finished,0.0020042197172692733,0.0020042197172692733,1.6793701939902007e-4,1.6793701939902007e-4,worsened,-0.04095981200039414,-0.04783532445608768
lasso,MLB,NPB,full_cross_league,complete_games,0.0031652653147811183,0.0031652653147811183,2.652230281895907e-4,2.652230281895907e-4,worsened,0.010027240920658414,0.007025112159344669
lasso,MLB,NPB,full_cross_league,shutouts,0.022870155833522032,0.022870155833522032,0.0019163297171358909,0.0019163297171358909,worsened,0.10438339232061845,0.04310251481798489
lasso,MLB,NPB,full_cross_league,saves,-7.53322601332318e-6,7.53322601332318e-6,-6.312219724394051e-7,6.312219724394051e-7,improved,-0.0011025953845603626,-2.3381374801651953e-4
lasso,MLB,NPB,full_cross_league,holds,-0.0028319747978428067,0.0028319747978428067,-2.372960421778776e-4,2.372960421778776e-4,improved,0.03727403770621769,0.014648213709856646
lasso,MLB,NPB,full_cross_league,innings_pitched,11.934353273873622,11.934353273873622,1,1,worsened,0.04312809804319847,2.697970276288126
lasso,MLB,NPB,full_cross_league,batters_faced,5.064205058765221,5.064205058765221,0.42433845743879967,0.42433845743879967,worsened,-0.006955988647062246,-1.8033261821848123
lasso,MLB,NPB,full_cross_league,wins,0.0010689359897746442,0.0010689359897746442,8.95679862363997e-5,8.95679862363997e-5,worsened,0.003016813994633762,0.014091299245885177
lasso,MLB,NPB,full_cross_league,losses,0.0059047373145653115,0.0059047373145653115,4.947681017195804e-4,4.947681017195804e-4,worsened,-0.019109156019280555,-0.07372590960262548
lasso,MLB,NPB,full_cross_league,era,-5.819828428339502e-4,5.819828428339502e-4,-4.8765344001338725e-5,4.8765344001338725e-5,improved,0.005092372542989557,0.016925477611072246
lasso,MLB,NPB,full_cross_league,hits_per_9,-0.003419253723408344,0.003419253723408344,-2.865051540659255e-4,2.865051540659255e-4,improved,0.010518468633377439,0.03129086910779063
lasso,MLB,NPB,full_cross_league,home_runs_per_9,8.939493846826796e-4,8.939493846826796e-4,7.49055574414485e-5,7.49055574414485e-5,worsened,-0.012004392113698331,-0.010152121038128608
lasso,MLB,NPB,full_cross_league,strikeouts_per_9,0.04728180353973399,0.04728180353973399,0.0039618236912126684,0.0039618236912126684,worsened,0.09194092060602271,0.17838913753025332
lasso,MLB,NPB,full_cross_league,walks_per_9,0,0,0,0,no_change,0,0
lasso,MLB,NPB,full_cross_league,intentional_walks,0.0029441753327063003,0.0029441753327063003,2.4669751809271585e-4,2.4669751809271585e-4,worsened,-0.03866764313109001,-0.060446761748431374
lasso,MLB,NPB,full_cross_league,hit_by_pitch,-0.0014099769255220274,0.0014099769255220274,-1.1814439317869971e-4,1.1814439317869971e-4,improved,-0.00450534711139176,-0.014978373992087584
lasso,MLB,NPB,full_cross_league,wild_pitches,1.6650367542592193e-4,1.6650367542592193e-4,1.3951629518997688e-5,1.3951629518997688e-5,worsened,0.0031141770438215563,0.009614936031905927
lasso,MLB,NPB,full_cross_league,balks,-5.5019803006362e-4,5.5019803006362e-4,-4.6102039837223466e-5,4.6102039837223466e-5,improved,0.044963053850890444,0.03057048366356033
lasso,NPB,NPB,test,age,0.21118416835907838,0.21118416835907838,0.022282123395686207,0.022282123395686207,worsened,0.07276956611292369,0.3570667505801938
lasso,NPB,NPB,test,lefty,-0.0017264138244755256,0.0017264138244755256,-1.8215459126450442e-4,1.8215459126450442e-4,improved,-0.11153548095255045,-0.05271389124269929
lasso,NPB,NPB,test,games,0.28606681955999613,0.28606681955999613,0.030183020926120106,0.030183020926120106,worsened,-0.047375014404730666,-0.4176175354228497
lasso,NPB,NPB,test,games_started,0.7375295107547372,0.7375295107547372,0.07781702432662811,0.07781702432662811,worsened,-0.07388979918657937,-0.6258044170523307
lasso,NPB,NPB,test,games_finished,0,0,0,0,no_change,0,0
lasso,NPB,NPB,test,complete_games,0.002717243098472155,0.002717243098472155,2.8669737171437237e-4,2.8669737171437237e-4,worsened,-0.023415420889688683,-0.03298743329464922
lasso,NPB,NPB,test,shutouts,0.022783403827425552,0.022783403827425552,0.002403885761896991,0.002403885761896991,worsened,0.14772107115003277,0.11028225834984648
lasso,NPB,NPB,test,saves,-4.269727366446041e-6,4.269727366446041e-6,-4.505005881090668e-7,4.505005881090668e-7,improved,-0.014798215377268095,-0.002795440864299293
lasso,NPB,NPB,test,holds,5.158063598464935e-8,5.158063598464935e-8,5.442292880040702e-9,5.442292880040702e-9,worsened,-0.0016054150387002383,-8.299895867887868e-4
lasso,NPB,NPB,test,innings_pitched,9.477739827971844,9.477739827971844,1,1,worsened,0.03786230409143722,2.139863756678712
lasso,NPB,NPB,test,batters_faced,2.0302555993200735,2.0302555993200735,0.21421305460697912,0.21421305460697912,worsened,-0.004361801102235195,-1.0071317661976666
lasso,NPB,NPB,test,wins,0.1519012173379538,0.1519012173379538,0.016027156273022466,0.016027156273022466,worsened,0.0637691031308673,0.2576088591635699
lasso,NPB,NPB,test,losses,0.007725677146809162,0.007725677146809162,8.15139187932572e-4,8.15139187932572e-4,worsened,0.02633591368848214,0.08527982321401018
lasso,NPB,NPB,test,era,4.652395780474494e-5,4.652395780474494e-5,4.908760806815761e-6,4.908760806815761e-6,worsened,0.0010336240912206455,0.003248851242586516
lasso,NPB,NPB,test,hits_per_9,-0.0027544935245380486,0.0027544935245380486,-2.9062767859576146e-4,2.9062767859576146e-4,improved,0.007772864211903721,0.024529561464341768
lasso,NPB,NPB,test,home_runs_per_9,-0.0018790513790049035,0.0018790513790049035,-1.9825943875977916e-4,1.9825943875977916e-4,improved,-0.024442679846292604,-0.01878130924086863
lasso,NPB,NPB,test,strikeouts_per_9,0.015414526039254639,0.015414526039254639,0.0016263926124835627,0.0016263926124835627,worsened,0.03237404652880861,0.0649854189422456
lasso,NPB,NPB,test,walks_per_9,0.0029055732986816296,0.0029055732986816296,3.065681640791988e-4,3.065681640791988e-4,worsened,0.008536465725613755,0.019682130909050133
lasso,NPB,NPB,test,intentional_walks,-0.002036415009281034,0.002036415009281034,-2.148629363375139e-4,2.148629363375139e-4,improved,-0.024653466721159464,-0.023806099093963327
lasso,NPB,NPB,test,hit_by_pitch,6.936434385256263e-4,6.936434385256263e-4,7.318658784855672e-5,7.318658784855672e-5,worsened,0.011603866375929518,0.030567322522059355
lasso,NPB,NPB,test,wild_pitches,-3.413015301766964e-4,3.413015301766964e-4,-3.601085663582011e-5,3.601085663582011e-5,improved,0.0012692382108316221,0.0026314748557168272
lasso,NPB,NPB,test,balks,0.004859288615956803,0.004859288615956803,5.127054238833912e-4,5.127054238833912e-4,worsened,-0.09168614828493145,-0.037539222078744744
lasso,NPB,MLB,full_cross_league,age,0.17961584003374986,0.17961584003374986,0.01608692768615815,0.01608692768615815,worsened,0.07276956611292369,0.3570667505801938
lasso,NPB,MLB,full_cross_league,lefty,-0.005289243734904137,0.005289243734904137,-4.737203659870972e-4,4.737203659870972e-4,improved,-0.11153548095255045,-0.05271389124269929
lasso,NPB,MLB,full_cross_league,games,0.4962430921090981,0.4962430921090981,0.044445004048721794,0.044445004048721794,worsened,-0.047375014404730666,-0.4176175354228497
lasso,NPB,MLB,full_cross_league,games_started,1.176918023753415,1.176918023753415,0.10540827099157753,0.10540827099157753,worsened,-0.07388979918657937,-0.6258044170523307
lasso,NPB,MLB,full_cross_league,games_finished,0,0,0,0,no_change,0,0
lasso,NPB,MLB,full_cross_league,complete_games,0.0028195975436965393,0.0028195975436965393,2.5253152383994897e-4,2.5253152383994897e-4,worsened,-0.023415420889688683,-0.03298743329464922
lasso,NPB,MLB,full_cross_league,shutouts,0.002966762620100427,0.002966762620100427,2.6571206483005564e-4,2.6571206483005564e-4,worsened,0.14772107115003277,0.11028225834984648
lasso,NPB,MLB,full_cross_league,saves,9.306950676368775e-5,9.306950676368775e-5,8.335581231658226e-6,8.335581231658226e-6,worsened,-0.014798215377268095,-0.002795440864299293
lasso,NPB,MLB,full_cross_league,holds,-1.6217153748665503e-5,1.6217153748665503e-5,-1.4524564179922566e-6,1.4524564179922566e-6,improved,-0.0016054150387002383,-8.299895867887868e-4
lasso,NPB,MLB,full_cross_league,innings_pitched,11.165328988722855,11.165328988722855,1,1,worsened,0.03786230409143722,2.139863756678712
lasso,NPB,MLB,full_cross_league,batters_faced,2.5935157014030876,2.5935157014030876,0.23228296309249608,0.23228296309249608,worsened,-0.004361801102235195,-1.0071317661976666
lasso,NPB,MLB,full_cross_league,wins,0.1376936462747338,0.1376936462747338,0.012332251599017493,0.012332251599017493,worsened,0.0637691031308673,0.2576088591635699
lasso,NPB,MLB,full_cross_league,losses,0.012090972156124424,0.012090972156124424,0.0010829033491387922,0.0010829033491387922,worsened,0.02633591368848214,0.08527982321401018
lasso,NPB,MLB,full_cross_league,era,-3.115033598000139e-5,3.115033598000139e-5,-2.7899165364015406e-6,2.7899165364015406e-6,improved,0.0010336240912206455,0.003248851242586516
lasso,NPB,MLB,full_cross_league,hits_per_9,1.4270064569998908e-6,1.4270064569998908e-6,1.2780693327005305e-7,1.2780693327005305e-7,worsened,0.007772864211903721,0.024529561464341768
lasso,NPB,MLB,full_cross_league,home_runs_per_9,-0.0011123856094937823,0.0011123856094937823,-9.96285564551934e-5,9.96285564551934e-5,improved,-0.024442679846292604,-0.01878130924086863
lasso,NPB,MLB,full_cross_league,strikeouts_per_9,0.02485815636653599,0.02485815636653599,0.002226370256679681,0.002226370256679681,worsened,0.03237404652880861,0.0649854189422456
lasso,NPB,MLB,full_cross_league,walks_per_9,7.388691203358277e-4,7.388691203358277e-4,6.617531118716666e-5,6.617531118716666e-5,worsened,0.008536465725613755,0.019682130909050133
lasso,NPB,MLB,full_cross_league,intentional_walks,0.008289365109800273,0.008289365109800273,7.424201398966973e-4,7.424201398966973e-4,worsened,-0.024653466721159464,-0.023806099093963327
lasso,NPB,MLB,full_cross_league,hit_by_pitch,0.001986568593100202,0.001986568593100202,1.779229788129544e-4,1.779229788129544e-4,worsened,0.011603866375929518,0.030567322522059355
lasso,NPB,MLB,full_cross_league,wild_pitches,-8.317702193227916e-6,8.317702193227916e-6,-7.449580931855135e-7,7.449580931855135e-7,improved,0.0012692382108316221,0.0026314748557168272
lasso,NPB,MLB,full_cross_league,balks,0.0036138222895222283,0.0036138222895222283,0.00032366464912697525,0.00032366464912697525,worsened,-0.09168614828493145,-0.037539222078744744
