model_name,trained_on,predicted_on,variable,permutation_importance,permutation_importance_standardized,adaboost_rpart_importance,adaboost_rpart_importance_standardized
adaboost,NPB,NPB,age,768672656104185.5,0.35742277834462416,152105611290266750,0.5165000267870948
adaboost,NPB,NPB,lefty,13334556328981.25,0.006200395100891138,8494877854670057,0.028845777629578784
adaboost,NPB,NPB,games,300394242720564,0.1396794122690385,263749229339103230,0.8956045925140671
adaboost,NPB,NPB,games_started,7084367715378.75,0.003294138761848228,17221633336580024,0.05847893449957357
adaboost,NPB,NPB,games_finished,300858322765179,0.13989520344829193,278247412000422430,0.9448355950353707
adaboost,NPB,NPB,complete_games,0,0,1008505737173661.2,0.003424549796990079
adaboost,NPB,NPB,shutouts,0,0,414201219644266.1,0.0014064894728522124
adaboost,NPB,NPB,saves,2150597842880169,1,294492939790235140,1
adaboost,NPB,NPB,holds,320783206791366,0.14916001513409868,129313780660177980,0.439106556348302
adaboost,NPB,NPB,innings_pitched,230596167614493.25,0.10722421599087507,253292877095650560,0.8600983007472741
adaboost,NPB,NPB,batters_faced,254642204715732,0.11840531020653526,253874519592865860,0.8620733650650455
adaboost,NPB,NPB,wins,63127427751706.5,0.02935343209828745,48349987825909800,0.16418046510843043
adaboost,NPB,NPB,losses,345226732833572.5,0.16052593653271346,78875028085724e3,0.26783334141017445
adaboost,NPB,NPB,era,136643100562364.25,0.06353726291260768,174741179779482080,0.5933628830081589
adaboost,NPB,NPB,hits_per_9,155652207083719.5,0.07237624998045365,133798781060566460,0.4543361248519921
adaboost,NPB,NPB,home_runs_per_9,133061272983259.75,0.06187175971731592,119666551832443920,0.4063477783802946
adaboost,NPB,NPB,strikeouts_per_9,111822083507753.75,0.051995813107483184,118524165765546500,0.4024686155463363
adaboost,NPB,NPB,walks_per_9,114112337101100,0.053060751213381704,147126538045065120,0.49959275135717046
adaboost,NPB,NPB,earned_runs,140109903469749.25,0.06514928113296548,146536969211289820,0.4975907718387642
adaboost,NPB,NPB,intentional_walks,16318362864585,0.0075878262961199565,24538085707912736,0.08332317143287377
adaboost,NPB,NPB,hit_by_pitch,125318589376523,0.058271512636082254,51016659725142696,0.1732355952624244
adaboost,NPB,NPB,wild_pitches,38392425983784.25,0.01785197828170772,63904565016141656,0.21699863182343299
adaboost,NPB,NPB,balks,0,0,2014290602183219.2,0.006839860417767508
adaboost,NPB,MLB,age,-186288096111300,-0.2791625942590074,152105611290266750,0.5165000267870948
adaboost,NPB,MLB,lefty,18032879966820,0.027023227240945497,8494877854670057,0.028845777629578784
adaboost,NPB,MLB,games,667310377329642,1,263749229339103230,0.8956045925140671
adaboost,NPB,MLB,games_started,5494345253254,0.008233567826774361,17221633336580024,0.05847893449957357
adaboost,NPB,MLB,games_finished,451612135492918,0.6767647422180397,278247412000422430,0.9448355950353707
adaboost,NPB,MLB,complete_games,0,0,1008505737173661.2,0.003424549796990079
adaboost,NPB,MLB,shutouts,0,0,414201219644266.1,0.0014064894728522124
adaboost,NPB,MLB,saves,641789703143838,0.9617559159083823,294492939790235140,1
adaboost,NPB,MLB,holds,56270450443463,0.08432425503202715,129313780660177980,0.439106556348302
adaboost,NPB,MLB,innings_pitched,600032257968309,0.8991801691582288,253292877095650560,0.8600983007472741
adaboost,NPB,MLB,batters_faced,593331552073989,0.8891388059156339,253874519592865860,0.8620733650650455
adaboost,NPB,MLB,wins,-21613176533976,-0.03238849157488734,48349987825909800,0.16418046510843043
adaboost,NPB,MLB,losses,396189188988227,0.5937105167967665,78875028085724e3,0.26783334141017445
adaboost,NPB,MLB,era,151858679227767,0.22756828664265014,174741179779482080,0.5933628830081589
adaboost,NPB,MLB,hits_per_9,209035217137274,0.3132503618087952,133798781060566460,0.4543361248519921
adaboost,NPB,MLB,home_runs_per_9,234084945064416,0.35078870794898687,119666551832443920,0.4063477783802946
adaboost,NPB,MLB,strikeouts_per_9,-28363594430709,-0.04250435089022717,118524165765546500,0.4024686155463363
adaboost,NPB,MLB,walks_per_9,-65169977639526,-0.097660668638655,147126538045065120,0.49959275135717046
adaboost,NPB,MLB,earned_runs,486225545249650,0.7286347729153646,146536969211289820,0.4975907718387642
adaboost,NPB,MLB,intentional_walks,57182736121200,0.08569136351517058,24538085707912736,0.08332317143287377
adaboost,NPB,MLB,hit_by_pitch,8531191244345,0.012784442643442829,51016659725142696,0.1732355952624244
adaboost,NPB,MLB,wild_pitches,14864087263514,0.022274623276495743,63904565016141656,0.21699863182343299
adaboost,NPB,MLB,balks,0,0,2014290602183219.2,0.006839860417767508
adaboost,MLB,NPB,age,27015943309011.5,0.7689245591850699,106592074275975.89,0.7738332287015035
adaboost,MLB,NPB,lefty,-780731599697,-0.022221089756974163,3373286794646.994,0.02448926366588366
adaboost,MLB,NPB,games,-894172814883,-0.02544984010570686,77977071633931.98,0.5660950827445708
adaboost,MLB,NPB,games_started,32524758348,9.257157963828986e-4,50485846030652.64,0.3665152920889552
adaboost,MLB,NPB,games_finished,9883450548474,0.28130159177813563,126326239314564.98,0.9170985957681199
adaboost,MLB,NPB,complete_games,58180232791,0.0016559188528198498,31514918498854.31,0.2287908486619034
adaboost,MLB,NPB,shutouts,0,0,606234465256.7152,0.004401118720939145
adaboost,MLB,NPB,saves,35134712484205,1,132938101339295.52,0.9650991490276342
adaboost,MLB,NPB,holds,226950602014,0.006459440990616527,53994259130090.54,0.39198554074297337
adaboost,MLB,NPB,innings_pitched,-3074212935851,-0.08749788225058136,137745537827107.78,1
adaboost,MLB,NPB,batters_faced,-243201969391.5,-0.006921985472368182,137675299789480.9,0.9994900884723029
adaboost,MLB,NPB,wins,3690142523653,0.10502839678315067,71916694613791.67,0.522098180080856
adaboost,MLB,NPB,losses,-431342163163,-0.012276809248315671,47495270681562.71,0.3448044229293054
adaboost,MLB,NPB,era,5791570672340.5,0.16483899434054375,105948183974606.17,0.7691587375235903
adaboost,MLB,NPB,hits_per_9,1656060864237,0.04713460697825523,108750631496631.28,0.7895038431889558
adaboost,MLB,NPB,home_runs_per_9,3416367068684.5,0.09723623240749006,47080998251863.89,0.341796903148746
adaboost,MLB,NPB,strikeouts_per_9,5442931001357.5,0.1549160535696542,109733964873325.98,0.7966426107469216
adaboost,MLB,NPB,walks_per_9,-2227628259269.5,-0.06340249006651022,71262862893396.67,0.5173515165539716
adaboost,MLB,NPB,earned_runs,-392094104723,-0.011159735685876696,116367348773730.34,0.8447994077295599
adaboost,MLB,NPB,intentional_walks,-626811749186.5,-0.017840241313153954,15246043791026.227,0.11068266915595043
adaboost,MLB,NPB,hit_by_pitch,-559253918098,-0.015917418375044783,38829934579265.47,0.28189613392778734
adaboost,MLB,NPB,wild_pitches,191902591195,0.005461908683080041,28911737582868.633,0.2098923713896082
adaboost,MLB,NPB,balks,-17690231992,-5.034972749514527e-4,4484740209162.197,0.03255815237217519
adaboost,MLB,MLB,age,1443191125530.1416,1,106592074275975.89,0.7738332287015035
adaboost,MLB,MLB,lefty,15052885101.331055,0.010430278315217279,3373286794646.994,0.02448926366588366
adaboost,MLB,MLB,games,107823077985.53809,0.0747115722083798,77977071633931.98,0.5660950827445708
adaboost,MLB,MLB,games_started,9396565279.134766,0.0065109638722889406,50485846030652.64,0.3665152920889552
adaboost,MLB,MLB,games_finished,240931675146.0664,0.16694370612732434,126326239314564.98,0.9170985957681199
adaboost,MLB,MLB,complete_games,1225020909.7822266,8.488279120565043e-4,31514918498854.31,0.2287908486619034
adaboost,MLB,MLB,shutouts,0,0,606234465256.7152,0.004401118720939145
adaboost,MLB,MLB,saves,951019659082.3242,0.6589700021422851,132938101339295.52,0.9650991490276342
adaboost,MLB,MLB,holds,148494024876.72363,0.10289283397732636,53994259130090.54,0.39198554074297337
adaboost,MLB,MLB,innings_pitched,156704402276.51562,0.10858187769062941,137745537827107.78,1
adaboost,MLB,MLB,batters_faced,61925925131.50098,0.04290902572502524,137675299789480.9,0.9994900884723029
adaboost,MLB,MLB,wins,144392100013.51953,0.10005057366222271,71916694613791.67,0.522098180080856
adaboost,MLB,MLB,losses,46280453260.88672,0.032068138753199485,47495270681562.71,0.3448044229293054
adaboost,MLB,MLB,era,140040580132.01367,0.097035366733267,105948183974606.17,0.7691587375235903
adaboost,MLB,MLB,hits_per_9,210784395322.00488,0.1460543871100755,108750631496631.28,0.7895038431889558
adaboost,MLB,MLB,home_runs_per_9,-9745560988.583984,-0.006752786111405758,47080998251863.89,0.341796903148746
adaboost,MLB,MLB,strikeouts_per_9,351063874050.2002,0.24325528881092617,109733964873325.98,0.7966426107469216
adaboost,MLB,MLB,walks_per_9,167141456578.05078,0.1158138056847135,71262862893396.67,0.5173515165539716
adaboost,MLB,MLB,earned_runs,78451644738.9336,0.05435984420297428,116367348773730.34,0.8447994077295599
adaboost,MLB,MLB,intentional_walks,61249445802.55176,0.04244028716574348,15246043791026.227,0.11068266915595043
adaboost,MLB,MLB,hit_by_pitch,23622008984.26367,0.01636790066567681,38829934579265.47,0.28189613392778734
adaboost,MLB,MLB,wild_pitches,11342818208.595703,0.007859539882099146,28911737582868.633,0.2098923713896082
adaboost,MLB,MLB,balks,2499809721.9345703,0.0017321404474520245,4484740209162.197,0.03255815237217519
