model_name,trained_on,predicted_on,prediction_data_type,variable,permutation_importance,permutation_importance_abs,permutation_importance_standardized,permutation_importance_standardized_abs,permutation_importance_direction,lightgbm_gain,lightgbm_cover,lightgbm_frequency
lightgbm,MLB,MLB,test,age,0.4226628553062646,0.4226628553062646,1,1,worsened,0.2712591958193479,0.10885147670668094,0.1
lightgbm,MLB,MLB,test,lefty,-6.570771097794692e-4,6.570771097794692e-4,-0.0015546128587603147,0.0015546128587603147,improved,0.0010395342901294987,9.928392883930077e-4,0.005333333333333333
lightgbm,MLB,MLB,test,games,1.7181760368156773e-4,1.7181760368156773e-4,4.06512191749302e-4,4.06512191749302e-4,worsened,0.010090669450396732,0.025328742697398977,0.031
lightgbm,MLB,MLB,test,games_started,-0.0036026357639632467,0.0036026357639632467,-0.008523663053742327,0.008523663053742327,improved,0.02008390752888614,0.03752994369271263,0.036333333333333336
lightgbm,MLB,MLB,test,games_finished,-0.002511743361526042,0.002511743361526042,-0.005942664064259952,0.005942664064259952,improved,0.006566956356971686,0.014516279522921649,0.013666666666666667
lightgbm,MLB,MLB,test,complete_games,2.9903458320768017e-4,2.9903458320768017e-4,7.075014505142581e-4,7.075014505142581e-4,worsened,0.0014727500742652791,0.008947925424675922,0.008666666666666666
lightgbm,MLB,MLB,test,shutouts,-7.310782244677183e-4,7.310782244677183e-4,-0.00172969593918532,0.00172969593918532,improved,0.003386815308122108,0.013259507879566429,0.008
lightgbm,MLB,MLB,test,saves,8.134120931935218e-5,8.134120931935218e-5,1.9244939151421704e-4,1.9244939151421704e-4,worsened,3.41017116714005e-5,8.619040966734729e-4,6.666666666666666e-4
lightgbm,MLB,MLB,test,holds,0,0,0,0,no_change,0,0,0
lightgbm,MLB,MLB,test,innings_pitched,0.06550602764818514,0.06550602764818514,0.15498411281189825,0.15498411281189825,worsened,0.13353554787727998,0.1308439494796357,0.09066666666666667
lightgbm,MLB,MLB,test,batters_faced,-0.011513192391409466,0.011513192391409466,-0.027239659806554146,0.027239659806554146,improved,0.02172297087967713,0.07723836029962508,0.058666666666666666
lightgbm,MLB,MLB,test,wins,-0.0012508693523716197,0.0012508693523716197,-0.002959496763597148,0.002959496763597148,improved,0.04911526967529134,0.0847681648092599,0.06166666666666667
lightgbm,MLB,MLB,test,losses,0.0043789771033559965,0.0043789771033559965,0.01036044934722962,0.01036044934722962,worsened,0.015446314760103875,0.013597155716480978,0.033666666666666664
lightgbm,MLB,MLB,test,era,-0.003292256979691044,0.003292256979691044,-0.007789321768778216,0.007789321768778216,improved,0.16382599185772523,0.08294125803975584,0.09433333333333334
lightgbm,MLB,MLB,test,hits_per_9,0.0161299102086101,0.0161299102086101,0.038162592255527754,0.038162592255527754,worsened,0.05050532035714592,0.07221849062653521,0.075
lightgbm,MLB,MLB,test,home_runs_per_9,-0.0011193330444193572,0.0011193330444193572,-0.0026482881813881666,0.0026482881813881666,improved,0.011460842729735259,0.020033599825969604,0.041666666666666664
lightgbm,MLB,MLB,test,strikeouts_per_9,0.11648612535921132,0.11648612535921132,0.2756005735938272,0.2756005735938272,worsened,0.14902182352858825,0.12385541249482573,0.12833333333333333
lightgbm,MLB,MLB,test,walks_per_9,-0.011046656427839308,0.011046656427839308,-0.026135858141200556,0.026135858141200556,improved,0.04204778490251082,0.05372724549987602,0.08
lightgbm,MLB,MLB,test,intentional_walks,-9.059644865327954e-5,9.059644865327954e-5,-2.1434684291722937e-4,2.1434684291722937e-4,improved,0.015014866330627832,0.007347320029836728,0.020333333333333332
lightgbm,MLB,MLB,test,hit_by_pitch,-0.0055934130911652336,0.0055934130911652336,-0.013233746521473258,0.013233746521473258,improved,0.01735107926663678,0.04457982433033609,0.054
lightgbm,MLB,MLB,test,wild_pitches,-3.797623753488688e-4,3.797623753488688e-4,-8.984995264693658e-4,8.984995264693658e-4,improved,0.010497497432448344,0.04273281333848139,0.03933333333333333
lightgbm,MLB,MLB,test,balks,-8.438751572410474e-4,8.438751572410474e-4,-0.001996568060445173,0.001996568060445173,improved,0.006520759862438541,0.03582778620035868,0.018666666666666668
lightgbm,MLB,NPB,full_cross_league,age,0.4658415989569835,0.4658415989569835,1,1,worsened,0.2712591958193479,0.10885147670668094,0.1
lightgbm,MLB,NPB,full_cross_league,lefty,-2.4647216883511014e-4,2.4647216883511014e-4,-5.290900799476899e-4,5.290900799476899e-4,improved,0.0010395342901294987,9.928392883930077e-4,0.005333333333333333
lightgbm,MLB,NPB,full_cross_league,games,-0.003101276233643535,0.003101276233643535,-0.0066573621604152,0.0066573621604152,improved,0.010090669450396732,0.025328742697398977,0.031
lightgbm,MLB,NPB,full_cross_league,games_started,0.021407166572166125,0.021407166572166125,0.04595374612335317,0.04595374612335317,worsened,0.02008390752888614,0.03752994369271263,0.036333333333333336
lightgbm,MLB,NPB,full_cross_league,games_finished,0.003504978270195025,0.003504978270195025,0.007523970117831146,0.007523970117831146,worsened,0.006566956356971686,0.014516279522921649,0.013666666666666667
lightgbm,MLB,NPB,full_cross_league,complete_games,-0.004356769700576302,0.004356769700576302,-0.009352470260988031,0.009352470260988031,improved,0.0014727500742652791,0.008947925424675922,0.008666666666666666
lightgbm,MLB,NPB,full_cross_league,shutouts,0.0210531351469333,0.0210531351469333,0.04519376370438179,0.04519376370438179,worsened,0.003386815308122108,0.013259507879566429,0.008
lightgbm,MLB,NPB,full_cross_league,saves,2.097916447463266e-5,2.097916447463266e-5,4.503497438100178e-5,4.503497438100178e-5,worsened,3.41017116714005e-5,8.619040966734729e-4,6.666666666666666e-4
lightgbm,MLB,NPB,full_cross_league,holds,0,0,0,0,no_change,0,0,0
lightgbm,MLB,NPB,full_cross_league,innings_pitched,0.10375763543520111,0.10375763543520111,0.2227315801498059,0.2227315801498059,worsened,0.13353554787727998,0.1308439494796357,0.09066666666666667
lightgbm,MLB,NPB,full_cross_league,batters_faced,0.010157195326441326,0.010157195326441326,0.021803968020853493,0.021803968020853493,worsened,0.02172297087967713,0.07723836029962508,0.058666666666666666
lightgbm,MLB,NPB,full_cross_league,wins,0.022382519248617005,0.022382519248617005,0.04804748931553414,0.04804748931553414,worsened,0.04911526967529134,0.0847681648092599,0.06166666666666667
lightgbm,MLB,NPB,full_cross_league,losses,0.0034215266960806456,0.0034215266960806456,0.007344828593542146,0.007344828593542146,worsened,0.015446314760103875,0.013597155716480978,0.033666666666666664
lightgbm,MLB,NPB,full_cross_league,era,0.04002295637259645,0.04002295637259645,0.08591537651898758,0.08591537651898758,worsened,0.16382599185772523,0.08294125803975584,0.09433333333333334
lightgbm,MLB,NPB,full_cross_league,hits_per_9,-0.014701414385845935,0.014701414385845935,-0.03155882690331287,0.03155882690331287,improved,0.05050532035714592,0.07221849062653521,0.075
lightgbm,MLB,NPB,full_cross_league,home_runs_per_9,0.0012307325945214442,0.0012307325945214442,0.0026419551136632,0.0026419551136632,worsened,0.011460842729735259,0.020033599825969604,0.041666666666666664
lightgbm,MLB,NPB,full_cross_league,strikeouts_per_9,0.12710372683481108,0.12710372683481108,0.27284752396393014,0.27284752396393014,worsened,0.14902182352858825,0.12385541249482573,0.12833333333333333
lightgbm,MLB,NPB,full_cross_league,walks_per_9,0.03967823520775582,0.03967823520775582,0.08517537999310311,0.08517537999310311,worsened,0.04204778490251082,0.05372724549987602,0.08
lightgbm,MLB,NPB,full_cross_league,intentional_walks,-0.0012766841343456736,0.0012766841343456736,-0.002740597098250052,0.002740597098250052,improved,0.015014866330627832,0.007347320029836728,0.020333333333333332
lightgbm,MLB,NPB,full_cross_league,hit_by_pitch,-0.0022530661585850043,0.0022530661585850043,-0.004836549942361536,0.004836549942361536,improved,0.01735107926663678,0.04457982433033609,0.054
lightgbm,MLB,NPB,full_cross_league,wild_pitches,8.517749273618813e-4,8.517749273618813e-4,0.0018284647169102119,0.0018284647169102119,worsened,0.010497497432448344,0.04273281333848139,0.03933333333333333
lightgbm,MLB,NPB,full_cross_league,balks,0.0022181624478769812,0.0022181624478769812,0.004761623806983819,0.004761623806983819,worsened,0.006520759862438541,0.03582778620035868,0.018666666666666668
lightgbm,NPB,NPB,test,age,0.3623916820447124,0.3623916820447124,1,1,worsened,0.2032490808869093,0.13107824258758013,0.14466666666666667
lightgbm,NPB,NPB,test,lefty,-0.005501972761223994,0.005501972761223994,-0.015182392515690118,0.015182392515690118,improved,0.006420260244616178,0.011443855255002012,0.01
lightgbm,NPB,NPB,test,games,0.001711599674736941,0.001711599674736941,0.004723065565632275,0.004723065565632275,worsened,0.007419665754305338,0.014607213155527229,0.022333333333333334
lightgbm,NPB,NPB,test,games_started,-0.004200584527581319,0.004200584527581319,-0.011591282956276698,0.011591282956276698,improved,0.006192548609562887,0.02340360210864619,0.021333333333333333
lightgbm,NPB,NPB,test,games_finished,-1.610030123240791e-4,1.610030123240791e-4,-4.4427899507973345e-4,4.4427899507973345e-4,improved,4.255159533427347e-4,0.0019800133296285,0.002
lightgbm,NPB,NPB,test,complete_games,0.026055819037552275,0.026055819037552275,0.0718996056712402,0.0718996056712402,worsened,0.019154443025865723,0.06380053745994796,0.03333333333333333
lightgbm,NPB,NPB,test,shutouts,0.010666660560667507,0.010666660560667507,0.029434065650964472,0.029434065650964472,worsened,0.011073466416398337,0.02697695295573825,0.013666666666666667
lightgbm,NPB,NPB,test,saves,0,0,0,0,no_change,0,0,0
lightgbm,NPB,NPB,test,holds,-1.7553114844143236e-4,1.7553114844143236e-4,-4.8436859105329875e-4,4.8436859105329875e-4,improved,7.542391719861588e-5,0.0010162384410163938,6.666666666666666e-4
lightgbm,NPB,NPB,test,innings_pitched,0.20428092362095718,0.20428092362095718,0.5637020211621544,0.5637020211621544,worsened,0.26888009989538253,0.1099490326303865,0.08133333333333333
lightgbm,NPB,NPB,test,batters_faced,0.009586508349053502,0.009586508349053502,0.02645344477821294,0.02645344477821294,worsened,0.02737676064951949,0.06773530389026956,0.058
lightgbm,NPB,NPB,test,wins,0.12239795236390638,0.12239795236390638,0.337750446349386,0.337750446349386,worsened,0.1142816605269948,0.10629212871835428,0.063
lightgbm,NPB,NPB,test,losses,5.231278818556007e-4,5.231278818556007e-4,0.001443542740561734,0.001443542740561734,worsened,0.016928695862049058,0.038583056604286854,0.04466666666666667
lightgbm,NPB,NPB,test,era,0.022504225482660456,0.022504225482660456,0.06209917776171213,0.06209917776171213,worsened,0.08075902201243847,0.07126104892129106,0.08766666666666667
lightgbm,NPB,NPB,test,hits_per_9,0.004936223863740541,0.004936223863740541,0.013621239416669345,0.013621239416669345,worsened,0.03479566021763008,0.053009561968199316,0.06566666666666666
lightgbm,NPB,NPB,test,home_runs_per_9,-0.01452953143221769,0.01452953143221769,-0.04009344626851843,0.04009344626851843,improved,0.030652794761272088,0.03783885139795936,0.075
lightgbm,NPB,NPB,test,strikeouts_per_9,0.025438031970446195,0.025438031970446195,0.070194856093048,0.070194856093048,worsened,0.06866632569408745,0.07346063193320418,0.094
lightgbm,NPB,NPB,test,walks_per_9,0.016728784733961832,0.016728784733961832,0.04616216531122757,0.04616216531122757,worsened,0.06605537755559322,0.08112905450963095,0.098
lightgbm,NPB,NPB,test,intentional_walks,-0.006247675175132028,0.006247675175132028,-0.017240117488019995,0.017240117488019995,improved,0.003928956622158727,0.011815957858165757,0.013666666666666667
lightgbm,NPB,NPB,test,hit_by_pitch,-0.004908647523641674,0.004908647523641674,-0.013545144016401674,0.013545144016401674,improved,0.0244379338614314,0.03961581134883793,0.038
lightgbm,NPB,NPB,test,wild_pitches,-7.873151104959009e-5,7.873151104959009e-5,-2.1725529296192863e-4,2.1725529296192863e-4,improved,0.008720603480994809,0.03266730529707001,0.031
lightgbm,NPB,NPB,test,balks,-6.371892373006061e-4,6.371892373006061e-4,-0.001758288804272248,0.001758288804272248,improved,5.057040522487713e-4,0.002335599629257563,0.002
lightgbm,NPB,MLB,full_cross_league,age,0.24265159315744012,0.24265159315744012,1,1,worsened,0.2032490808869093,0.13107824258758013,0.14466666666666667
lightgbm,NPB,MLB,full_cross_league,lefty,-0.0036547267121428417,0.0036547267121428417,-0.015061622569984686,0.015061622569984686,improved,0.006420260244616178,0.011443855255002012,0.01
lightgbm,NPB,MLB,full_cross_league,games,0.04428961170432222,0.04428961170432222,0.18252347379226025,0.18252347379226025,worsened,0.007419665754305338,0.014607213155527229,0.022333333333333334
lightgbm,NPB,MLB,full_cross_league,games_started,0.0196088228936544,0.0196088228936544,0.08081060848807849,0.08081060848807849,worsened,0.006192548609562887,0.02340360210864619,0.021333333333333333
lightgbm,NPB,MLB,full_cross_league,games_finished,2.5581243712491375e-4,2.5581243712491375e-4,0.0010542376161484111,0.0010542376161484111,worsened,4.255159533427347e-4,0.0019800133296285,0.002
lightgbm,NPB,MLB,full_cross_league,complete_games,0.0036048675241335815,0.0036048675241335815,0.014856146119735666,0.014856146119735666,worsened,0.019154443025865723,0.06380053745994796,0.03333333333333333
lightgbm,NPB,MLB,full_cross_league,shutouts,0.0013710299899792888,0.0013710299899792888,0.005650199828235707,0.005650199828235707,worsened,0.011073466416398337,0.02697695295573825,0.013666666666666667
lightgbm,NPB,MLB,full_cross_league,saves,0,0,0,0,no_change,0,0,0
lightgbm,NPB,MLB,full_cross_league,holds,2.5503929098280587e-5,2.5503929098280587e-5,1.0510513764371957e-4,1.0510513764371957e-4,worsened,7.542391719861588e-5,0.0010162384410163938,6.666666666666666e-4
lightgbm,NPB,MLB,full_cross_league,innings_pitched,0.137492602151845,0.137492602151845,0.5666255900600471,0.5666255900600471,worsened,0.26888009989538253,0.1099490326303865,0.08133333333333333
lightgbm,NPB,MLB,full_cross_league,batters_faced,0.009928995570454902,0.009928995570454902,0.040918732250039884,0.040918732250039884,worsened,0.02737676064951949,0.06773530389026956,0.058
lightgbm,NPB,MLB,full_cross_league,wins,0.15318065200435282,0.15318065200435282,0.6312781631108613,0.6312781631108613,worsened,0.1142816605269948,0.10629212871835428,0.063
lightgbm,NPB,MLB,full_cross_league,losses,-0.022253437553119815,0.022253437553119815,-0.09170942281298385,0.09170942281298385,improved,0.016928695862049058,0.038583056604286854,0.04466666666666667
lightgbm,NPB,MLB,full_cross_league,era,0.016390971682694544,0.016390971682694544,0.06754940888461242,0.06754940888461242,worsened,0.08075902201243847,0.07126104892129106,0.08766666666666667
lightgbm,NPB,MLB,full_cross_league,hits_per_9,0.010874947746609909,0.010874947746609909,0.044817128975344886,0.044817128975344886,worsened,0.03479566021763008,0.053009561968199316,0.06566666666666666
lightgbm,NPB,MLB,full_cross_league,home_runs_per_9,0.0045086467162708255,0.0045086467162708255,0.018580742279921778,0.018580742279921778,worsened,0.030652794761272088,0.03783885139795936,0.075
lightgbm,NPB,MLB,full_cross_league,strikeouts_per_9,0.07699483412164065,0.07699483412164065,0.31730611416873716,0.31730611416873716,worsened,0.06866632569408745,0.07346063193320418,0.094
lightgbm,NPB,MLB,full_cross_league,walks_per_9,0.013272290294130018,0.013272290294130018,0.05469690151804827,0.05469690151804827,worsened,0.06605537755559322,0.08112905450963095,0.098
lightgbm,NPB,MLB,full_cross_league,intentional_walks,0.0015355676413860708,0.0015355676413860708,0.006328281720325428,0.006328281720325428,worsened,0.003928956622158727,0.011815957858165757,0.013666666666666667
lightgbm,NPB,MLB,full_cross_league,hit_by_pitch,-0.00951180482467362,0.00951180482467362,-0.039199432820134245,0.039199432820134245,improved,0.0244379338614314,0.03961581134883793,0.038
lightgbm,NPB,MLB,full_cross_league,wild_pitches,0.00261500292835104,0.00261500292835104,0.010776780380149174,0.010776780380149174,worsened,0.008720603480994809,0.03266730529707001,0.031
lightgbm,NPB,MLB,full_cross_league,balks,-2.405249924530839e-4,2.405249924530839e-4,-9.9123599117284e-4,9.9123599117284e-4,improved,5.057040522487713e-4,0.002335599629257563,0.002
