model_name,trained_on,predicted_on,variable,permutation_importance,permutation_importance_standardized,ranger_impurity_importance,ranger_impurity_importance_standardized
random_forest,NPB,NPB,age,2537992032843129.5,1,1624130449539569200,1
random_forest,NPB,NPB,lefty,50373426444992.25,0.019847748059540805,60764502819753496,0.037413560491387776
random_forest,NPB,NPB,games,580052880522762.75,0.22854795169430508,565141837336964200,0.34796579147763557
random_forest,NPB,NPB,games_started,623025900812858,0.24547984893196334,873451068253651100,0.5377961286922913
random_forest,NPB,NPB,games_finished,35175955669197.75,0.01385975811350072,53403400467473840,0.03288122606322255
random_forest,NPB,NPB,complete_games,313171918207241.25,0.12339357813366235,508274903135939500,0.3129520188972704
random_forest,NPB,NPB,shutouts,193583765327465.5,0.07627437865145997,2.9555916141223923e+17,0.18197993978625818
random_forest,NPB,NPB,saves,813938254848.25,3.2070165875834275e-4,3677654799652954,0.0022643838742728737
random_forest,NPB,NPB,holds,14196475454521.75,0.005593585508075241,20518746210711452,0.012633681128586923
random_forest,NPB,NPB,innings_pitched,1944366945552025,0.7661044323192342,1515217740950498600,0.93294091086098
random_forest,NPB,NPB,batters_faced,1148508601162366.5,0.45252648010710067,1153917509544264200,0.7104832680597748
random_forest,NPB,NPB,wins,1296427104782687,0.5108081853710128,1168982892557522400,0.7197592366357775
random_forest,NPB,NPB,losses,250377704904398.25,0.09865188765936281,34719519913881e4,0.21377297570970216
random_forest,NPB,NPB,era,573732923624285.5,0.22605781113566928,727218146956243800,0.4477584587878428
random_forest,NPB,NPB,hits_per_9,420088670303496.5,0.16552009023956685,560617626500166100,0.34518017112424537
random_forest,NPB,NPB,home_runs_per_9,295993345483904.75,0.11662500971381094,4.6464520267464563e+17,0.28608859762857697
random_forest,NPB,NPB,strikeouts_per_9,494669320000361.5,0.1949057812629219,598185478576428e3,0.3683112269374728
random_forest,NPB,NPB,walks_per_9,637132634325738.25,0.2510380750139726,741332431254062100,0.4564488224848104
random_forest,NPB,NPB,earned_runs,478404343128525,0.1884971808176258,569688182026510140,0.3507650399560043
random_forest,NPB,NPB,intentional_walks,71727868602563.5,0.028261660270939442,119254145354089950,0.07342645745475541
random_forest,NPB,NPB,hit_by_pitch,208328172198493.75,0.08208385586030335,252067630267103400,0.15520159131217753
random_forest,NPB,NPB,wild_pitches,165750610156495.5,0.06530777402434043,240427726169798140,0.14803473836597172
random_forest,NPB,NPB,balks,42157239543158.375,0.016610469614411146,70388663814161680,0.04333929200952819
random_forest,NPB,MLB,age,-297639795921725,-0.18540264104895735,1624130449539569200,1
random_forest,NPB,MLB,lefty,589450145259,3.6717406474250737e-4,60764502819753496,0.037413560491387776
random_forest,NPB,MLB,games,1605369773794810,1,565141837336964200,0.34796579147763557
random_forest,NPB,MLB,games_started,282924261072770,0.1762361953557822,873451068253651100,0.5377961286922913
random_forest,NPB,MLB,games_finished,-29499891376990,-0.0183757610604923,53403400467473840,0.03288122606322255
random_forest,NPB,MLB,complete_games,-40735989465401,-0.025374832721005037,508274903135939500,0.3129520188972704
random_forest,NPB,MLB,shutouts,-5364072084570,-0.0033413311824666307,2.9555916141223923e+17,0.18197993978625818
random_forest,NPB,MLB,saves,-1544203201550,-9.618987642328515e-4,3677654799652954,0.0022643838742728737
random_forest,NPB,MLB,holds,-2617114688739,-0.0016302254667176174,20518746210711452,0.012633681128586923
random_forest,NPB,MLB,innings_pitched,616040362788758,0.3837373624722905,1515217740950498600,0.93294091086098
random_forest,NPB,MLB,batters_faced,517021429570220,0.3220575334167859,1153917509544264200,0.7104832680597748
random_forest,NPB,MLB,wins,1236378249683314,0.7701516933140797,1168982892557522400,0.7197592366357775
random_forest,NPB,MLB,losses,296741852406834,0.1848433035495547,34719519913881e4,0.21377297570970216
random_forest,NPB,MLB,era,64438402726516,0.040139289887210855,727218146956243800,0.4477584587878428
random_forest,NPB,MLB,hits_per_9,73710794140248,0.0459151501065133,560617626500166100,0.34518017112424537
random_forest,NPB,MLB,home_runs_per_9,296057589522572,0.18441706973387462,4.6464520267464563e+17,0.28608859762857697
random_forest,NPB,MLB,strikeouts_per_9,78573172424446,0.04894397148060969,598185478576428e3,0.3683112269374728
random_forest,NPB,MLB,walks_per_9,-171309043438617,-0.10671002172519589,741332431254062100,0.4564488224848104
random_forest,NPB,MLB,earned_runs,996305101075798,0.62060786078008,569688182026510140,0.3507650399560043
random_forest,NPB,MLB,intentional_walks,-20675891824162,-0.012879208367856491,119254145354089950,0.07342645745475541
random_forest,NPB,MLB,hit_by_pitch,-24739097592871,-0.015410217631288867,252067630267103400,0.15520159131217753
random_forest,NPB,MLB,wild_pitches,186959943995924,0.11645911555565407,240427726169798140,0.14803473836597172
random_forest,NPB,MLB,balks,8332597338046,0.0051904536101668435,70388663814161680,0.04333929200952819
random_forest,MLB,NPB,age,156363265999890,1,13880327754098332,1
random_forest,MLB,NPB,lefty,-682220863254,-0.004363050738876738,473502837994977.94,0.03411323178987402
random_forest,MLB,NPB,games,-17472213273208,-0.11174116351100195,2738724196139041,0.1973097641970594
random_forest,MLB,NPB,games_started,-525621878408,-0.003361543231057669,4016634827500587,0.28937607948880223
random_forest,MLB,NPB,games_finished,4389101051798,0.028069898794523054,564615498080391.25,0.04067738947401165
random_forest,MLB,NPB,complete_games,589913730690,0.003772713027690372,1003455709895512.1,0.07229337287076884
random_forest,MLB,NPB,shutouts,-1885197170078,-0.012056522086711378,808082314957506.1,0.05821781223565922
random_forest,MLB,NPB,saves,81579411838,5.217300324109205e-4,55671154778276.48,0.004010795405161733
random_forest,MLB,NPB,holds,616694662522,0.003943986834621591,129061867876313.88,0.009298185904738944
random_forest,MLB,NPB,innings_pitched,9430936821952,0.06031427369877676,7395169527934999,0.5327806128894533
random_forest,MLB,NPB,batters_faced,-30060588784510,-0.192248406889449,5673642696232348,0.40875423093356983
random_forest,MLB,NPB,wins,32648217025952,0.20879723135211928,4799477736022312,0.34577553362205077
random_forest,MLB,NPB,losses,-17693878353694,-0.11315879238354133,2073805625238581.2,0.14940609919144493
random_forest,MLB,NPB,era,26426461038074,0.169006837181903,5153964850136794,0.371314348007022
random_forest,MLB,NPB,hits_per_9,4605918116908,0.029456522844126577,4692595140698285,0.3380752402847793
random_forest,MLB,NPB,home_runs_per_9,-7678214062142,-0.04910497368446756,1857540182854263.5,0.13382538335997166
random_forest,MLB,NPB,strikeouts_per_9,4476282256908,0.028627454333878834,6546192053200306,0.4716165330654721
random_forest,MLB,NPB,walks_per_9,35622051459542,0.22781598498695377,3181318715294479,0.22919622444471147
random_forest,MLB,NPB,earned_runs,-55988083079072,-0.3580641701300316,3660973793579665,0.26375269074598895
random_forest,MLB,NPB,intentional_walks,-17561374183974,-0.11231137998861161,1554131316937854,0.11196647114323206
random_forest,MLB,NPB,hit_by_pitch,-6875612429776,-0.043972044110288905,1830050165758236.2,0.13184488134423858
random_forest,MLB,NPB,wild_pitches,-4544793507668,-0.02906560871957738,1812409581115573.2,0.13057397586166059
random_forest,MLB,NPB,balks,-708693268658,-0.004532351407001812,852094517139575,0.06138864529967485
random_forest,MLB,MLB,age,12709573356792.34,1,13880327754098332,1
random_forest,MLB,MLB,lefty,204919580611.23096,0.016123246222243676,473502837994977.94,0.03411323178987402
random_forest,MLB,MLB,games,1364478227044.7568,0.1073583029689618,2738724196139041,0.1973097641970594
random_forest,MLB,MLB,games_started,2737943821590.6226,0.21542373962752978,4016634827500587,0.28937607948880223
random_forest,MLB,MLB,games_finished,315271208655.85205,0.024805805813093055,564615498080391.25,0.04067738947401165
random_forest,MLB,MLB,complete_games,429057629017.2075,0.03375861777357833,1003455709895512.1,0.07229337287076884
random_forest,MLB,MLB,shutouts,286412311111.1533,0.022535163303344628,808082314957506.1,0.05821781223565922
random_forest,MLB,MLB,saves,17582618878.740234,0.0013834153503936154,55671154778276.48,0.004010795405161733
random_forest,MLB,MLB,holds,36193298078.98096,0.002847719357915211,129061867876313.88,0.009298185904738944
random_forest,MLB,MLB,innings_pitched,4799460702260.082,0.37762563443525193,7395169527934999,0.5327806128894533
random_forest,MLB,MLB,batters_faced,3282160705884.695,0.258243185175891,5673642696232348,0.40875423093356983
random_forest,MLB,MLB,wins,2735945012267.857,0.21526647161650742,4799477736022312,0.34577553362205077
random_forest,MLB,MLB,losses,936185891550.2861,0.07365989913815345,2073805625238581.2,0.14940609919144493
random_forest,MLB,MLB,era,2589252840598.69,0.2037246072634628,5153964850136794,0.371314348007022
random_forest,MLB,MLB,hits_per_9,2368576929867.7856,0.18636163963772664,4692595140698285,0.3380752402847793
random_forest,MLB,MLB,home_runs_per_9,752810423255.0381,0.059231761926352614,1857540182854263.5,0.13382538335997166
random_forest,MLB,MLB,strikeouts_per_9,3758099343972.9624,0.29569044046348986,6546192053200306,0.4716165330654721
random_forest,MLB,MLB,walks_per_9,2005652168489.7583,0.15780641192159953,3181318715294479,0.22919622444471147
random_forest,MLB,MLB,earned_runs,2195832340611.817,0.1727699489958335,3660973793579665,0.26375269074598895
random_forest,MLB,MLB,intentional_walks,863971725618.2012,0.06797802737858791,1554131316937854,0.11196647114323206
random_forest,MLB,MLB,hit_by_pitch,710041799431.6064,0.05586669036786675,1830050165758236.2,0.13184488134423858
random_forest,MLB,MLB,wild_pitches,755296413861.0034,0.05942736177350537,1812409581115573.2,0.13057397586166059
random_forest,MLB,MLB,balks,296126765318.67334,0.02329950479104125,852094517139575,0.06138864529967485
