model_name,trained_on,predicted_on,prediction_data_type,variable,permutation_importance,permutation_importance_abs,permutation_importance_standardized,permutation_importance_standardized_abs,permutation_importance_direction
svm_regression,MLB,MLB,test,age,0.32893460900339566,0.32893460900339566,1,1,worsened
svm_regression,MLB,MLB,test,lefty,7.220708533440812e-4,7.220708533440812e-4,0.0021951805422111333,0.0021951805422111333,worsened
svm_regression,MLB,MLB,test,games,0.019032038846107047,0.019032038846107047,0.05785964238840728,0.05785964238840728,worsened
svm_regression,MLB,MLB,test,games_started,0.043137654883490306,0.043137654883490306,0.13114355772470565,0.13114355772470565,worsened
svm_regression,MLB,MLB,test,games_finished,0.0281105819236529,0.0281105819236529,0.08545948390417837,0.08545948390417837,worsened
svm_regression,MLB,MLB,test,complete_games,0.010573438497275656,0.010573438497275656,0.03214449987281972,0.03214449987281972,worsened
svm_regression,MLB,MLB,test,shutouts,0.010072319162776289,0.010072319162776289,0.030621038002943343,0.030621038002943343,worsened
svm_regression,MLB,MLB,test,saves,0.00551688849044929,0.00551688849044929,0.016771991573535937,0.016771991573535937,worsened
svm_regression,MLB,MLB,test,holds,-5.718174624688155e-4,5.718174624688155e-4,-0.0017383925157687268,0.0017383925157687268,improved
svm_regression,MLB,MLB,test,innings_pitched,0.14620015066048264,0.14620015066048264,0.44446569822323984,0.44446569822323984,worsened
svm_regression,MLB,MLB,test,batters_faced,0.10484867162254008,0.10484867162254008,0.3187523256984421,0.3187523256984421,worsened
svm_regression,MLB,MLB,test,wins,0.04609536038772222,0.04609536038772222,0.14013533123614355,0.14013533123614355,worsened
svm_regression,MLB,MLB,test,losses,-5.600113052939282e-5,5.600113052939282e-5,-1.7025004057513057e-4,1.7025004057513057e-4,improved
svm_regression,MLB,MLB,test,era,0.001798738840777414,0.001798738840777414,0.005468378186859764,0.005468378186859764,worsened
svm_regression,MLB,MLB,test,hits_per_9,0.018284977745981812,0.018284977745981812,0.055588488549081355,0.055588488549081355,worsened
svm_regression,MLB,MLB,test,home_runs_per_9,0.019622285385692995,0.019622285385692995,0.05965406147180587,0.05965406147180587,worsened
svm_regression,MLB,MLB,test,strikeouts_per_9,0.11112367807992118,0.11112367807992118,0.3378290852902439,0.3378290852902439,worsened
svm_regression,MLB,MLB,test,walks_per_9,0.0072751369583532455,0.0072751369583532455,0.0221172742521543,0.0221172742521543,worsened
svm_regression,MLB,MLB,test,intentional_walks,0.021312928959796973,0.021312928959796973,0.06479381730116747,0.06479381730116747,worsened
svm_regression,MLB,MLB,test,hit_by_pitch,7.738171559364959e-4,7.738171559364959e-4,0.0023524954041199953,0.0023524954041199953,worsened
svm_regression,MLB,MLB,test,wild_pitches,-0.016349450903606955,0.016349450903606955,-0.04970425870704951,0.04970425870704951,improved
svm_regression,MLB,MLB,test,balks,0.008184966310136987,0.008184966310136987,0.024883262770481206,0.024883262770481206,worsened
svm_regression,MLB,NPB,full_cross_league,age,0.33236437969776145,0.33236437969776145,1,1,worsened
svm_regression,MLB,NPB,full_cross_league,lefty,-0.0033800192154750386,0.0033800192154750386,-0.010169619315248794,0.010169619315248794,improved
svm_regression,MLB,NPB,full_cross_league,games,0.01090839955945333,0.01090839955945333,0.032820603607922674,0.032820603607922674,worsened
svm_regression,MLB,NPB,full_cross_league,games_started,0.06252443575818145,0.06252443575818145,0.188120146373804,0.188120146373804,worsened
svm_regression,MLB,NPB,full_cross_league,games_finished,0.015821861123338055,0.015821861123338055,0.04760396146460041,0.04760396146460041,worsened
svm_regression,MLB,NPB,full_cross_league,complete_games,0.07609898399074855,0.07609898399074855,0.2289625141537425,0.2289625141537425,worsened
svm_regression,MLB,NPB,full_cross_league,shutouts,0.029246140392262254,0.029246140392262254,0.08799420810033101,0.08799420810033101,worsened
svm_regression,MLB,NPB,full_cross_league,saves,0.0037662870794026304,0.0037662870794026304,0.011331801208142514,0.011331801208142514,worsened
svm_regression,MLB,NPB,full_cross_league,holds,0.003707169871035032,0.003707169871035032,0.01115393254357215,0.01115393254357215,worsened
svm_regression,MLB,NPB,full_cross_league,innings_pitched,0.1154712483598157,0.1154712483598157,0.34742365732699915,0.34742365732699915,worsened
svm_regression,MLB,NPB,full_cross_league,batters_faced,0.06458012369921595,0.06458012369921595,0.19430518925626888,0.19430518925626888,worsened
svm_regression,MLB,NPB,full_cross_league,wins,0.05479051762992215,0.05479051762992215,0.16485075109356306,0.16485075109356306,worsened
svm_regression,MLB,NPB,full_cross_league,losses,-0.006539122535103914,0.006539122535103914,-0.01967455881117683,0.01967455881117683,improved
svm_regression,MLB,NPB,full_cross_league,era,0.00936450176503456,0.00936450176503456,0.02817540728507145,0.02817540728507145,worsened
svm_regression,MLB,NPB,full_cross_league,hits_per_9,0.011254730348047914,0.011254730348047914,0.033862624984911154,0.033862624984911154,worsened
svm_regression,MLB,NPB,full_cross_league,home_runs_per_9,0.004447851983031326,0.004447851983031326,0.013382456889862927,0.013382456889862927,worsened
svm_regression,MLB,NPB,full_cross_league,strikeouts_per_9,0.07455212303795988,0.07455212303795988,0.22430840243998026,0.22430840243998026,worsened
svm_regression,MLB,NPB,full_cross_league,walks_per_9,0.03280723732780577,0.03280723732780577,0.09870864428263741,0.09870864428263741,worsened
svm_regression,MLB,NPB,full_cross_league,intentional_walks,-0.0029357614093712403,0.0029357614093712403,-0.008832960415435919,0.008832960415435919,improved
svm_regression,MLB,NPB,full_cross_league,hit_by_pitch,0.0038269365776449904,0.0038269365776449904,0.011514280143753821,0.011514280143753821,worsened
svm_regression,MLB,NPB,full_cross_league,wild_pitches,8.110854104169674e-4,8.110854104169674e-4,0.002440349989233308,0.002440349989233308,worsened
svm_regression,MLB,NPB,full_cross_league,balks,0.0015549772384870764,0.0015549772384870764,0.0046785315559420325,0.0046785315559420325,worsened
svm_regression,NPB,NPB,test,age,0.30702160320115207,0.30702160320115207,1,1,worsened
svm_regression,NPB,NPB,test,lefty,0.017500897249469904,0.017500897249469904,0.05700216879528116,0.05700216879528116,worsened
svm_regression,NPB,NPB,test,games,0.011895763999377806,0.011895763999377806,0.038745690450922535,0.038745690450922535,worsened
svm_regression,NPB,NPB,test,games_started,0.018949242218318063,0.018949242218318063,0.06171957289240993,0.06171957289240993,worsened
svm_regression,NPB,NPB,test,games_finished,0.016937382114784016,0.016937382114784016,0.05516674376717104,0.05516674376717104,worsened
svm_regression,NPB,NPB,test,complete_games,0.04538561663968205,0.04538561663968205,0.14782548252784233,0.14782548252784233,worsened
svm_regression,NPB,NPB,test,shutouts,0.04244084421079236,0.04244084421079236,0.13823406486150844,0.13823406486150844,worsened
svm_regression,NPB,NPB,test,saves,-9.523996852167649e-6,9.523996852167649e-6,-3.102060816850008e-5,3.102060816850008e-5,improved
svm_regression,NPB,NPB,test,holds,0.005051849358370941,0.005051849358370941,0.016454377495583296,0.016454377495583296,worsened
svm_regression,NPB,NPB,test,innings_pitched,0.11696824044823623,0.11696824044823623,0.38097723166275654,0.38097723166275654,worsened
svm_regression,NPB,NPB,test,batters_faced,0.09554034083027058,0.09554034083027058,0.3111844242689176,0.3111844242689176,worsened
svm_regression,NPB,NPB,test,wins,0.09294919853225797,0.09294919853225797,0.30274481522839364,0.30274481522839364,worsened
svm_regression,NPB,NPB,test,losses,0.01708141413499631,0.01708141413499631,0.055635870430280565,0.055635870430280565,worsened
svm_regression,NPB,NPB,test,era,0.012103953978919113,0.012103953978919113,0.039423785990033204,0.039423785990033204,worsened
svm_regression,NPB,NPB,test,hits_per_9,0.028749117088286646,0.028749117088286646,0.09363874329537332,0.09363874329537332,worsened
svm_regression,NPB,NPB,test,home_runs_per_9,0.015403995836523188,0.015403995836523188,0.05017235163882235,0.05017235163882235,worsened
svm_regression,NPB,NPB,test,strikeouts_per_9,0.057572448573909085,0.057572448573909085,0.18751921028889035,0.18751921028889035,worsened
svm_regression,NPB,NPB,test,walks_per_9,0.019386313478012895,0.019386313478012895,0.06314315760155652,0.06314315760155652,worsened
svm_regression,NPB,NPB,test,intentional_walks,0.0025302109079745616,0.0025302109079745616,0.008241149422690094,0.008241149422690094,worsened
svm_regression,NPB,NPB,test,hit_by_pitch,0.018136634388399298,0.018136634388399298,0.05907282809840803,0.05907282809840803,worsened
svm_regression,NPB,NPB,test,wild_pitches,-4.3155661944577206e-4,4.3155661944577206e-4,-0.001405622975537093,0.001405622975537093,improved
svm_regression,NPB,NPB,test,balks,0.023564041229535815,0.023564041229535815,0.07675043379308168,0.07675043379308168,worsened
svm_regression,NPB,MLB,full_cross_league,age,0.15058301348142522,0.15058301348142522,1,1,worsened
svm_regression,NPB,MLB,full_cross_league,lefty,-0.0071315508895688495,0.0071315508895688495,-0.047359597372173344,0.047359597372173344,improved
svm_regression,NPB,MLB,full_cross_league,games,0.023456921698186584,0.023456921698186584,0.1557740222875806,0.1557740222875806,worsened
svm_regression,NPB,MLB,full_cross_league,games_started,0.0159989191496136,0.0159989191496136,0.10624650669238403,0.10624650669238403,worsened
svm_regression,NPB,MLB,full_cross_league,games_finished,0.021304009698924098,0.021304009698924098,0.14147684527213952,0.14147684527213952,worsened
svm_regression,NPB,MLB,full_cross_league,complete_games,2.786293233424386e-4,2.786293233424386e-4,0.0018503370127920054,0.0018503370127920054,worsened
svm_regression,NPB,MLB,full_cross_league,shutouts,0.004242792775988491,0.004242792775988491,0.028175772803961382,0.028175772803961382,worsened
svm_regression,NPB,MLB,full_cross_league,saves,0.011525826655019777,0.011525826655019777,0.07654134678637917,0.07654134678637917,worsened
svm_regression,NPB,MLB,full_cross_league,holds,0.0026533940969405423,0.0026533940969405423,0.01762080619583194,0.01762080619583194,worsened
svm_regression,NPB,MLB,full_cross_league,innings_pitched,0.05409591633784483,0.05409591633784483,0.3592431515824173,0.3592431515824173,worsened
svm_regression,NPB,MLB,full_cross_league,batters_faced,0.05678778171307042,0.05678778171307042,0.3771194399697369,0.3771194399697369,worsened
svm_regression,NPB,MLB,full_cross_league,wins,0.061800090605834024,0.061800090605834024,0.41040545794002997,0.41040545794002997,worsened
svm_regression,NPB,MLB,full_cross_league,losses,4.4212218781958246e-4,4.4212218781958246e-4,0.0029360694649275252,0.0029360694649275252,worsened
svm_regression,NPB,MLB,full_cross_league,era,0.006115082404026362,0.006115082404026362,0.04060937726406088,0.04060937726406088,worsened
svm_regression,NPB,MLB,full_cross_league,hits_per_9,0.011437553027161873,0.011437553027161873,0.07595513439882595,0.07595513439882595,worsened
svm_regression,NPB,MLB,full_cross_league,home_runs_per_9,0.010212969701823948,0.010212969701823948,0.0678228537582278,0.0678228537582278,worsened
svm_regression,NPB,MLB,full_cross_league,strikeouts_per_9,0.042579818793517465,0.042579818793517465,0.28276641441213946,0.28276641441213946,worsened
svm_regression,NPB,MLB,full_cross_league,walks_per_9,0.010618055948210414,0.010618055948210414,0.07051297289597792,0.07051297289597792,worsened
svm_regression,NPB,MLB,full_cross_league,intentional_walks,-1.1462041156984348e-5,1.1462041156984348e-5,-7.611775652502942e-5,7.611775652502942e-5,improved
svm_regression,NPB,MLB,full_cross_league,hit_by_pitch,5.892846754220749e-4,5.892846754220749e-4,0.003913354247587591,0.003913354247587591,worsened
svm_regression,NPB,MLB,full_cross_league,wild_pitches,-0.01618064177195544,0.01618064177195544,-0.1074533003282695,0.1074533003282695,improved
svm_regression,NPB,MLB,full_cross_league,balks,-0.016556960424501388,0.016556960424501388,-0.1099523780386008,0.1099523780386008,improved
