model_name,trained_on,predicted_on,prediction_data_type,variable,permutation_importance,permutation_importance_abs,permutation_importance_standardized,permutation_importance_standardized_abs,permutation_importance_direction,rpart_importance,rpart_importance_standardized
regression_tree,MLB,MLB,test,age,0.44124434159142234,0.44124434159142234,1,1,worsened,451.5200108513405,1
regression_tree,MLB,MLB,test,lefty,0,0,0,0,no_change,0,0
regression_tree,MLB,MLB,test,games,0,0,0,0,no_change,144.40632413795532,0.3198226449934685
regression_tree,MLB,MLB,test,games_started,0,0,0,0,no_change,168.2282241548861,0.372581989971368
regression_tree,MLB,MLB,test,games_finished,0,0,0,0,no_change,0.8326882595079503,0.001844189049202753
regression_tree,MLB,MLB,test,complete_games,0,0,0,0,no_change,10.895117695509343,0.024129866747138427
regression_tree,MLB,MLB,test,shutouts,0,0,0,0,no_change,0,0
regression_tree,MLB,MLB,test,saves,0,0,0,0,no_change,0,0
regression_tree,MLB,MLB,test,holds,0,0,0,0,no_change,2.498064778523831,0.005532567147608215
regression_tree,MLB,MLB,test,innings_pitched,0.24422158585722153,0.24422158585722153,0.5534837794778174,0.5534837794778174,worsened,315.4057841596727,0.6985422053941207
regression_tree,MLB,MLB,test,batters_faced,0,0,0,0,no_change,230.9631277898177,0.5115235698066559
regression_tree,MLB,MLB,test,wins,0.027103030231927838,0.027103030231927838,0.06142408565326,0.06142408565326,worsened,210.45483007668355,0.466102996586732
regression_tree,MLB,MLB,test,losses,0,0,0,0,no_change,73.95371833077454,0.16378835168641778
regression_tree,MLB,MLB,test,era,0.058572946047425356,0.058572946047425356,0.13274492277039093,0.13274492277039093,worsened,351.79119489559156,0.7791264759944739
regression_tree,MLB,MLB,test,hits_per_9,0.032571786533211466,0.032571786533211466,0.07381802657397443,0.07381802657397443,worsened,257.5073391101913,0.5703121299644317
regression_tree,MLB,MLB,test,home_runs_per_9,0,0,0,0,no_change,102.7125621135039,0.22748174974535343
regression_tree,MLB,MLB,test,strikeouts_per_9,0.016494706205102183,0.016494706205102183,0.037382249811093865,0.037382249811093865,worsened,196.18654703977563,0.434502441364373
regression_tree,MLB,MLB,test,walks_per_9,0,0,0,0,no_change,58.28304245787889,0.12908185918047416
regression_tree,MLB,MLB,test,intentional_walks,0,0,0,0,no_change,0,0
regression_tree,MLB,MLB,test,hit_by_pitch,0,0,0,0,no_change,0,0
regression_tree,MLB,MLB,test,wild_pitches,0,0,0,0,no_change,0,0
regression_tree,MLB,MLB,test,balks,0,0,0,0,no_change,0,0
regression_tree,MLB,NPB,full_cross_league,age,0.33204938337769185,0.33204938337769185,1,1,worsened,451.5200108513405,1
regression_tree,MLB,NPB,full_cross_league,lefty,0,0,0,0,no_change,0,0
regression_tree,MLB,NPB,full_cross_league,games,0,0,0,0,no_change,144.40632413795532,0.3198226449934685
regression_tree,MLB,NPB,full_cross_league,games_started,0,0,0,0,no_change,168.2282241548861,0.372581989971368
regression_tree,MLB,NPB,full_cross_league,games_finished,0,0,0,0,no_change,0.8326882595079503,0.001844189049202753
regression_tree,MLB,NPB,full_cross_league,complete_games,0,0,0,0,no_change,10.895117695509343,0.024129866747138427
regression_tree,MLB,NPB,full_cross_league,shutouts,0,0,0,0,no_change,0,0
regression_tree,MLB,NPB,full_cross_league,saves,0,0,0,0,no_change,0,0
regression_tree,MLB,NPB,full_cross_league,holds,0,0,0,0,no_change,2.498064778523831,0.005532567147608215
regression_tree,MLB,NPB,full_cross_league,innings_pitched,0.1146881831725699,0.1146881831725699,0.34539495904474254,0.34539495904474254,worsened,315.4057841596727,0.6985422053941207
regression_tree,MLB,NPB,full_cross_league,batters_faced,0,0,0,0,no_change,230.9631277898177,0.5115235698066559
regression_tree,MLB,NPB,full_cross_league,wins,0.02188902438426088,0.02188902438426088,0.06592099091285786,0.06592099091285786,worsened,210.45483007668355,0.466102996586732
regression_tree,MLB,NPB,full_cross_league,losses,0,0,0,0,no_change,73.95371833077454,0.16378835168641778
regression_tree,MLB,NPB,full_cross_league,era,0.0238835114462691,0.0238835114462691,0.07192758861142844,0.07192758861142844,worsened,351.79119489559156,0.7791264759944739
regression_tree,MLB,NPB,full_cross_league,hits_per_9,0.007862796151724916,0.007862796151724916,0.023679598714331368,0.023679598714331368,worsened,257.5073391101913,0.5703121299644317
regression_tree,MLB,NPB,full_cross_league,home_runs_per_9,0,0,0,0,no_change,102.7125621135039,0.22748174974535343
regression_tree,MLB,NPB,full_cross_league,strikeouts_per_9,0.11806949880277662,0.11806949880277662,0.3555781299809783,0.3555781299809783,worsened,196.18654703977563,0.434502441364373
regression_tree,MLB,NPB,full_cross_league,walks_per_9,0,0,0,0,no_change,58.28304245787889,0.12908185918047416
regression_tree,MLB,NPB,full_cross_league,intentional_walks,0,0,0,0,no_change,0,0
regression_tree,MLB,NPB,full_cross_league,hit_by_pitch,0,0,0,0,no_change,0,0
regression_tree,MLB,NPB,full_cross_league,wild_pitches,0,0,0,0,no_change,0,0
regression_tree,MLB,NPB,full_cross_league,balks,0,0,0,0,no_change,0,0
regression_tree,NPB,NPB,test,age,0.1214828925327498,0.1214828925327498,0.2912751270093509,0.2912751270093509,worsened,154.63996344024352,0.42754049122016613
regression_tree,NPB,NPB,test,lefty,0,0,0,0,no_change,0,0
regression_tree,NPB,NPB,test,games,0,0,0,0,no_change,240.10619945596233,0.6638330750775018
regression_tree,NPB,NPB,test,games_started,0,0,0,0,no_change,284.53199400446334,0.7866591906659989
regression_tree,NPB,NPB,test,games_finished,0,0,0,0,no_change,0,0
regression_tree,NPB,NPB,test,complete_games,0,0,0,0,no_change,151.80086308504747,0.4196910948967318
regression_tree,NPB,NPB,test,shutouts,0,0,0,0,no_change,16.755472813160658,0.04632465578623242
regression_tree,NPB,NPB,test,saves,0,0,0,0,no_change,0,0
regression_tree,NPB,NPB,test,holds,0,0,0,0,no_change,0,0
regression_tree,NPB,NPB,test,innings_pitched,0.41707266178223934,0.41707266178223934,1,1,worsened,361.69665006211113,1
regression_tree,NPB,NPB,test,batters_faced,0.020598186589387057,0.020598186589387057,0.049387525188936306,0.049387525188936306,worsened,328.2788177794661,0.9076081233351029
regression_tree,NPB,NPB,test,wins,-0.02523478958880121,0.02523478958880121,-0.06050454009852297,0.06050454009852297,improved,296.1928099906826,0.8188984054450598
regression_tree,NPB,NPB,test,losses,0,0,0,0,no_change,7.5435167167364625,0.02085592088132715
regression_tree,NPB,NPB,test,era,0.0425776322673761,0.0425776322673761,0.10208684521644959,0.10208684521644959,worsened,59.36701948171987,0.16413483362791795
regression_tree,NPB,NPB,test,hits_per_9,0,0,0,0,no_change,26.187804028286877,0.07240267230506521
regression_tree,NPB,NPB,test,home_runs_per_9,0.13805019772284932,0.13805019772284932,0.3309979540086175,0.3309979540086175,worsened,54.84734839175267,0.15163908314421545
regression_tree,NPB,NPB,test,strikeouts_per_9,0.04125294143113778,0.04125294143113778,0.09891068202565777,0.09891068202565777,worsened,39.85704704617248,0.1101946812040647
regression_tree,NPB,NPB,test,walks_per_9,0.00953935174411269,0.00953935174411269,0.022872157823409067,0.022872157823409067,worsened,36.284277142392995,0.10031687364580844
regression_tree,NPB,NPB,test,intentional_walks,0,0,0,0,no_change,0,0
regression_tree,NPB,NPB,test,hit_by_pitch,0,0,0,0,no_change,0,0
regression_tree,NPB,NPB,test,wild_pitches,0,0,0,0,no_change,5.487772632883344,0.015172307047745602
regression_tree,NPB,NPB,test,balks,0,0,0,0,no_change,0,0
regression_tree,NPB,MLB,full_cross_league,age,0.09786204410434873,0.09786204410434873,0.22178305574168455,0.22178305574168455,worsened,154.63996344024352,0.42754049122016613
regression_tree,NPB,MLB,full_cross_league,lefty,0,0,0,0,no_change,0,0
regression_tree,NPB,MLB,full_cross_league,games,0,0,0,0,no_change,240.10619945596233,0.6638330750775018
regression_tree,NPB,MLB,full_cross_league,games_started,0,0,0,0,no_change,284.53199400446334,0.7866591906659989
regression_tree,NPB,MLB,full_cross_league,games_finished,0,0,0,0,no_change,0,0
regression_tree,NPB,MLB,full_cross_league,complete_games,0,0,0,0,no_change,151.80086308504747,0.4196910948967318
regression_tree,NPB,MLB,full_cross_league,shutouts,0,0,0,0,no_change,16.755472813160658,0.04632465578623242
regression_tree,NPB,MLB,full_cross_league,saves,0,0,0,0,no_change,0,0
regression_tree,NPB,MLB,full_cross_league,holds,0,0,0,0,no_change,0,0
regression_tree,NPB,MLB,full_cross_league,innings_pitched,0.44125122082514157,0.44125122082514157,1,1,worsened,361.69665006211113,1
regression_tree,NPB,MLB,full_cross_league,batters_faced,0.005620323279397432,0.005620323279397432,0.012737241313207939,0.012737241313207939,worsened,328.2788177794661,0.9076081233351029
regression_tree,NPB,MLB,full_cross_league,wins,0.022521017105126218,0.022521017105126218,0.05103899103783061,0.05103899103783061,worsened,296.1928099906826,0.8188984054450598
regression_tree,NPB,MLB,full_cross_league,losses,0,0,0,0,no_change,7.5435167167364625,0.02085592088132715
regression_tree,NPB,MLB,full_cross_league,era,0.05426731893515624,0.05426731893515624,0.1229850850807305,0.1229850850807305,worsened,59.36701948171987,0.16413483362791795
regression_tree,NPB,MLB,full_cross_league,hits_per_9,0,0,0,0,no_change,26.187804028286877,0.07240267230506521
regression_tree,NPB,MLB,full_cross_league,home_runs_per_9,-0.007454692430060916,0.007454692430060916,-0.016894440351055827,0.016894440351055827,improved,54.84734839175267,0.15163908314421545
regression_tree,NPB,MLB,full_cross_league,strikeouts_per_9,0.0015392654033191677,0.0015392654033191677,0.0034884105259600988,0.0034884105259600988,worsened,39.85704704617248,0.1101946812040647
regression_tree,NPB,MLB,full_cross_league,walks_per_9,0.004291959500319464,0.004291959500319464,0.009726793485791344,0.009726793485791344,worsened,36.284277142392995,0.10031687364580844
regression_tree,NPB,MLB,full_cross_league,intentional_walks,0,0,0,0,no_change,0,0
regression_tree,NPB,MLB,full_cross_league,hit_by_pitch,0,0,0,0,no_change,0,0
regression_tree,NPB,MLB,full_cross_league,wild_pitches,0,0,0,0,no_change,5.487772632883344,0.015172307047745602
regression_tree,NPB,MLB,full_cross_league,balks,0,0,0,0,no_change,0,0
