model_name,metric,MLB_train_MLB_test,MLB_train_NPB_full,NPB_train_NPB_test,NPB_train_MLB_full
linear_regression,mse_relative_to_linear,1,1,1,1
linear_regression,rmse_relative_to_linear,1,1,1,1
linear_regression,mae_relative_to_linear,1,1,1,1
linear_regression,r_squared,0.41661667091799937,0.45921638041962487,0.5005023977535337,0.34170739715035525
lasso,mse_relative_to_linear,0.9979180300080421,0.9983750397006167,0.9991946093279076,1.0006165583596047
lasso,rmse_relative_to_linear,0.9989584726143735,0.99918718951987,0.9995972235495193,1.0003082316764191
lasso,mae_relative_to_linear,0.9976559500464399,0.998270435450331,0.9977186723452928,0.9965491456902933
lasso,r_squared,0.4178312575029558,0.46009513233199906,0.5009046884631153,0.34130152134299796
regression_tree,mse_relative_to_linear,1.121322865141462,1.4566975538213118,1.2169447169858574,1.1513898732883938
regression_tree,rmse_relative_to_linear,1.0589253350172816,1.2069372617585854,1.103152173086677,1.0730283655562856
regression_tree,mae_relative_to_linear,0.8792388074226193,1.0764541967317873,1.0440699513949099,1.0443383802093749
regression_tree,r_squared,0.3458389339580056,0.2122418242106343,0.39213903179905985,0.242048563418242
svm_regression,mse_relative_to_linear,0.8079742469334588,1.0890123695501106,0.9436862176214773,0.9990648617147758
svm_regression,rmse_relative_to_linear,0.8988738771003743,1.0435575544981268,0.9714351329972977,0.9995323214957963
svm_regression,mae_relative_to_linear,0.6989401755689139,0.8613212804696306,0.7651279004867376,0.8491537590667214
svm_regression,r_squared,0.5286412940114367,0.4110799490268907,0.5286309970250354,0.34232299176615566
bagging,mse_relative_to_linear,0.8907168159995382,1.159894827578604,0.998831020006493,0.9054821997905852
bagging,rmse_relative_to_linear,0.9437779484600911,1.0769841352492637,0.9994153390890561,0.9515682843551403
bagging,mae_relative_to_linear,0.8030096285721665,0.9819233529536749,0.915473144590029,0.9024669468740175
bagging,r_squared,0.4803706586128689,0.3727478768094896,0.5010863004573647,0.4039277658658261
random_forest,mse_relative_to_linear,0.7618744623651474,0.9557912718028292,0.906499575681176,0.9294478118742973
random_forest,rmse_relative_to_linear,0.872854204529684,0.9776457803329535,0.9521027127790237,0.9640787373831544
random_forest,mae_relative_to_linear,0.7334382602234079,0.8589421110230916,0.8362038561024547,0.9713928088140089
random_forest,r_squared,0.5555351398028612,0.4831237364711375,0.5472056355098137,0.3881513807083553
adaboost,mse_relative_to_linear,3.046671652285964,2.9823141804287987,2.999358083135287,2.6214295211864576
adaboost,rmse_relative_to_linear,1.7454717563701694,1.7269378044471662,1.73186549221794,1.6190829259758306
adaboost,mae_relative_to_linear,2.653411896374848,2.702860445730832,2.863888701593569,2.608334435681408
adaboost,r_squared,-0.7773774511303466,-0.6127866572181633,-0.4981721708046316,-0.725667662688736
gbm,mse_relative_to_linear,0.9938427026588998,1.139528609714699,1.0803719138995356,1.0632433891889068
gbm,rmse_relative_to_linear,0.9969165976444068,1.0674870536520333,1.0394094062974106,1.031136940075811
gbm,mae_relative_to_linear,0.8926861029265614,0.9341083111185637,0.9516757338138235,1.033720597214719
gbm,r_squared,0.4202087355389973,0.3837615938230915,0.4603568194727563,0.30007474186815275
xgboost,mse_relative_to_linear,0.8751832024992906,1.1648600912715772,0.9319239214632845,0.9409138041226708
xgboost,rmse_relative_to_linear,0.9355122674231967,1.0792868438332681,0.9653620675494166,0.9700071155010518
xgboost,mae_relative_to_linear,0.7470092601631888,0.9322677618598545,0.8631046742004216,0.9626151625183846
xgboost,r_squared,0.4894327097693156,0.37006274353743096,0.5345062357529653,0.3806034028269194
lightgbm,mse_relative_to_linear,0.7789344097739067,1.0150446291065678,0.897643320805604,0.8907537233199463
lightgbm,rmse_relative_to_linear,0.8825726087829301,1.0074942327907233,0.9474404048833911,0.9437975012257376
lightgbm,mae_relative_to_linear,0.6950316241015877,0.8736659492236657,0.8323729814215137,0.9028609304613237
lightgbm,r_squared,0.5455826508895745,0.45108049143613194,0.5516293135850454,0.4136234129776961
