model_name,trained_on,predicted_on,variable,permutation_importance,permutation_importance_standardized,xgboost_gain,xgboost_cover,xgboost_frequency
xgboost,NPB,NPB,age,2204941724890146,0.9794984702137638,0.16619746682853564,0.08527592116638102,0.17580383992597734
xgboost,NPB,NPB,lefty,32922169868395.766,0.014624973829554582,0.005064670680126615,0.00259037636873644,0.01642377978255841
xgboost,NPB,NPB,games,1391245248191950,0.6180311147969575,0.02860274195739653,0.04837171064784298,0.07679851954661115
xgboost,NPB,NPB,games_started,216827824610873.7,0.09632114994635985,0.0062659879367514834,0.017588970542197935,0.021050196622715706
xgboost,NPB,NPB,games_finished,202084047467969.25,0.08977154049699126,0.013182124065280534,0.041632298777222576,0.03307888040712468
xgboost,NPB,NPB,complete_games,91452534367557.52,0.04062584353092468,0.006558152974808216,0.013555045595057401,0.014341892204487625
xgboost,NPB,NPB,shutouts,15891228909119.188,0.00705934049439537,0.0011673868435851564,0.011292112088124907,0.005783021050196623
xgboost,NPB,NPB,saves,1659559025233641.5,0.7372238041922782,0.15225871346949446,0.04505917110289522,0.025676613462873005
xgboost,NPB,NPB,holds,589730022195845.25,0.26197502095377984,0.025558899906151674,0.04750721482623945,0.03631737219523479
xgboost,NPB,NPB,innings_pitched,2251092566187412,1,0.28111256475544616,0.07759268052426635,0.05366643534582466
xgboost,NPB,NPB,batters_faced,126379225879748.8,0.0561412834718709,0.013031072647011685,0.043507123048905263,0.03377284293314828
xgboost,NPB,NPB,wins,2073383319740751.5,0.9210564464936065,0.044011153649429334,0.03614821417252039,0.029377746934998842
xgboost,NPB,NPB,losses,273776280344921.8,0.12161929032025816,0.019940822535646472,0.04026030540852386,0.028915105250983113
xgboost,NPB,NPB,era,368260456154534.56,0.16359187608985934,0.03851397289253643,0.07887678542887043,0.06777700670830442
xgboost,NPB,NPB,hits_per_9,269816552467737.75,0.11986026541978927,0.027033684301519388,0.07650574133336133,0.06754568586629656
xgboost,NPB,NPB,home_runs_per_9,265915210098438.88,0.11812717703955157,0.03264717398571618,0.06363824797069037,0.06708304418228082
xgboost,NPB,NPB,strikeouts_per_9,689281951962316.5,0.3061988486460717,0.05368857508049459,0.07568868972688854,0.06962757344436733
xgboost,NPB,NPB,walks_per_9,323059574572071.4,0.14351234570474586,0.0408899446593125,0.09079306116687103,0.07656719870460328
xgboost,NPB,NPB,earned_runs,179216321375689.25,0.0796130394936273,0.012757112270438546,0.0430447363948852,0.027064538514920196
xgboost,NPB,NPB,intentional_walks,85114047583301.02,0.03781010557351507,0.00769779457491777,0.019086963301899598,0.021281517464723572
xgboost,NPB,NPB,hit_by_pitch,112682457748039.55,0.050056785509662735,0.013073080752804632,0.021953449447216562,0.02590793430488087
xgboost,NPB,NPB,wild_pitches,67000529697223.484,0.029763560461087427,0.009465558138005533,0.015907423114121615,0.021975479990747167
xgboost,NPB,NPB,balks,10819271687071.844,0.004806231360532643,0.001281345094590491,0.004123757846281521,0.004163775156141568
xgboost,NPB,MLB,age,-224631881334785,-0.04904000021368637,0.16619746682853564,0.08527592116638102,0.17580383992597734
xgboost,NPB,MLB,lefty,18879075563216,0.004121542606298538,0.005064670680126615,0.00259037636873644,0.01642377978255841
xgboost,NPB,MLB,games,4580584835970156,1,0.02860274195739653,0.04837171064784298,0.07679851954661115
xgboost,NPB,MLB,games_started,294361764525860,0.06426292167199103,0.0062659879367514834,0.017588970542197935,0.021050196622715706
xgboost,NPB,MLB,games_finished,625121332304738,0.13647194729280435,0.013182124065280534,0.041632298777222576,0.03307888040712468
xgboost,NPB,MLB,complete_games,19176668840902,0.004186511008444281,0.006558152974808216,0.013555045595057401,0.014341892204487625
xgboost,NPB,MLB,shutouts,14573796975190,0.0031816454660430512,0.0011673868435851564,0.011292112088124907,0.005783021050196623
xgboost,NPB,MLB,saves,517709844870115,0.11302265178120326,0.15225871346949446,0.04505917110289522,0.025676613462873005
xgboost,NPB,MLB,holds,731126398376091,0.15961420311108382,0.025558899906151674,0.04750721482623945,0.03631737219523479
xgboost,NPB,MLB,innings_pitched,1856189801756064,0.40522987090641405,0.28111256475544616,0.07759268052426635,0.05366643534582466
xgboost,NPB,MLB,batters_faced,-180505328559770,-0.039406611824391514,0.013031072647011685,0.043507123048905263,0.03377284293314828
xgboost,NPB,MLB,wins,2921434159233704,0.6377862792306415,0.044011153649429334,0.03614821417252039,0.029377746934998842
xgboost,NPB,MLB,losses,391437825081429,0.08545586188199557,0.019940822535646472,0.04026030540852386,0.028915105250983113
xgboost,NPB,MLB,era,442348798741804,0.09657037574506917,0.03851397289253643,0.07887678542887043,0.06777700670830442
xgboost,NPB,MLB,hits_per_9,229436071159747,0.05008881603022489,0.027033684301519388,0.07650574133336133,0.06754568586629656
xgboost,NPB,MLB,home_runs_per_9,354341371442654,0.07735723365717456,0.03264717398571618,0.06363824797069037,0.06708304418228082
xgboost,NPB,MLB,strikeouts_per_9,186625941195776,0.040742819504236756,0.05368857508049459,0.07568868972688854,0.06962757344436733
xgboost,NPB,MLB,walks_per_9,-145159540068374,-0.031690176094649185,0.0408899446593125,0.09079306116687103,0.07656719870460328
xgboost,NPB,MLB,earned_runs,589842284479375,0.12877008190034928,0.012757112270438546,0.0430447363948852,0.027064538514920196
xgboost,NPB,MLB,intentional_walks,137534105675005,0.030025446662396687,0.00769779457491777,0.019086963301899598,0.021281517464723572
xgboost,NPB,MLB,hit_by_pitch,-191327206011552,-0.04176916548059728,0.013073080752804632,0.021953449447216562,0.02590793430488087
xgboost,NPB,MLB,wild_pitches,91820200614502,0.020045519055440598,0.009465558138005533,0.015907423114121615,0.021975479990747167
xgboost,NPB,MLB,balks,11977451585939,0.002614830205060967,0.001281345094590491,0.004123757846281521,0.004163775156141568
xgboost,MLB,NPB,age,96784565616238,1,0.18939841445186528,0.06685823758704851,0.15937149270482603
xgboost,MLB,NPB,lefty,-1013445340700,-0.01047114624369373,0.002676660026540238,0.002451083089713688,0.01818181818181818
xgboost,MLB,NPB,games,-39741308047255,-0.4106161741205089,0.011425472655373985,0.035497986624918675,0.05723905723905724
xgboost,MLB,NPB,games_started,22511141112561,0.2325901962697263,0.043152154172439026,0.04312471397728497,0.04107744107744108
xgboost,MLB,NPB,games_finished,16373901635126,0.16917885130621357,0.027590102365082577,0.060267374902683295,0.043322109988776655
xgboost,MLB,NPB,complete_games,-5358655934761,-0.05536684388302873,0.002893344714958781,0.008907863843887755,0.01122334455667789
xgboost,MLB,NPB,shutouts,-10233501753720,-0.1057348523347929,0.005894382914178466,0.012327770636506953,0.007407407407407408
xgboost,MLB,NPB,saves,32707296431416,0.337939176801229,0.06320866680776223,0.05934964949634453,0.027384960718294053
xgboost,MLB,NPB,holds,11823362139909,0.1221616490669597,0.017783807280698036,0.060343817954347144,0.028282828282828285
xgboost,MLB,NPB,innings_pitched,-2230106365182,-0.023041962847925875,0.24460200328653323,0.13112415639267283,0.07160493827160494
xgboost,MLB,NPB,batters_faced,-4907247930428,-0.050702794388578505,0.014894391097978,0.09847520639112967,0.05342312008978676
xgboost,MLB,NPB,wins,4124083358506,0.04261096107884048,0.037114793070087304,0.03688540757329897,0.03950617283950617
xgboost,MLB,NPB,losses,-14333948887242,-0.14810159859659613,0.013036093757750921,0.03647866513262767,0.033894500561167225
xgboost,MLB,NPB,era,11024227834131,0.11390481285872935,0.0758065728105244,0.04368556888040157,0.05634118967452301
xgboost,MLB,NPB,hits_per_9,-1415876540364,-0.01462915632620716,0.036552099308811564,0.03785525324213582,0.05701459034792368
xgboost,MLB,NPB,home_runs_per_9,-10728751454929,-0.11085188414720733,0.014225855965788363,0.02292637491719521,0.03209876543209877
xgboost,MLB,NPB,strikeouts_per_9,-11819210434761,-0.12211875271131077,0.10973395793763784,0.04603833884752084,0.0702581369248036
xgboost,MLB,NPB,walks_per_9,47273468086091,0.48844015350067044,0.028670309587537145,0.02878162652418554,0.047586980920314256
xgboost,MLB,NPB,earned_runs,-7383630726432,-0.07628934096484918,0.012863750654451452,0.07656814029384791,0.039057239057239054
xgboost,MLB,NPB,intentional_walks,-11650601553277,-0.12037664765137225,0.017180329473888378,0.01517353696890219,0.020650953984287318
xgboost,MLB,NPB,hit_by_pitch,2313570954888,0.02390433784723048,0.012793218798526605,0.036862515536437074,0.03928170594837262
xgboost,MLB,NPB,wild_pitches,3546754397108,0.036645867804700305,0.011480436566525474,0.026839891254649178,0.031200897867564536
xgboost,MLB,NPB,balks,-928786160602,-0.00959642846654646,0.007023182295060695,0.01317681993226001,0.014590347923681257
xgboost,MLB,MLB,age,8319490669066.814,1,0.18939841445186528,0.06685823758704851,0.15937149270482603
xgboost,MLB,MLB,lefty,70705422762.96704,0.008498768202945525,0.002676660026540238,0.002451083089713688,0.01818181818181818
xgboost,MLB,MLB,games,1429808962651.526,0.17186255980402532,0.011425472655373985,0.035497986624918675,0.05723905723905724
xgboost,MLB,MLB,games_started,1853020819783.1072,0.2227324836931343,0.043152154172439026,0.04312471397728497,0.04107744107744108
xgboost,MLB,MLB,games_finished,1445581866435.8792,0.17375845757130082,0.027590102365082577,0.060267374902683295,0.043322109988776655
xgboost,MLB,MLB,complete_games,52915864596.072876,0.0063604692523813325,0.002893344714958781,0.008907863843887755,0.01122334455667789
xgboost,MLB,MLB,shutouts,105189865286.73889,0.012643786677693081,0.005894382914178466,0.012327770636506953,0.007407407407407408
xgboost,MLB,MLB,saves,1731630575625.237,0.20814141688549687,0.06320866680776223,0.05934964949634453,0.027384960718294053
xgboost,MLB,MLB,holds,510576778051.0664,0.06137115820677242,0.017783807280698036,0.060343817954347144,0.028282828282828285
xgboost,MLB,MLB,innings_pitched,6255243992146.998,0.7518782388211561,0.24460200328653323,0.13112415639267283,0.07160493827160494
xgboost,MLB,MLB,batters_faced,1528848338245.949,0.18376705967475263,0.014894391097978,0.09847520639112967,0.05342312008978676
xgboost,MLB,MLB,wins,1238827908565.2537,0.14890670088391494,0.037114793070087304,0.03688540757329897,0.03950617283950617
xgboost,MLB,MLB,losses,1034727894147.3643,0.12437394731322275,0.013036093757750921,0.03647866513262767,0.033894500561167225
xgboost,MLB,MLB,era,826817464121.5198,0.09938318305900122,0.0758065728105244,0.04368556888040157,0.05634118967452301
xgboost,MLB,MLB,hits_per_9,576400585335.1909,0.06928315785945162,0.036552099308811564,0.03785525324213582,0.05701459034792368
xgboost,MLB,MLB,home_runs_per_9,454978181222.1079,0.05468822543593792,0.014225855965788363,0.02292637491719521,0.03209876543209877
xgboost,MLB,MLB,strikeouts_per_9,3862003993865.704,0.46421159028704095,0.10973395793763784,0.04603833884752084,0.0702581369248036
xgboost,MLB,MLB,walks_per_9,786194227778.9016,0.09450028361737292,0.028670309587537145,0.02878162652418554,0.047586980920314256
xgboost,MLB,MLB,earned_runs,1216105766690.196,0.1461755070189417,0.012863750654451452,0.07656814029384791,0.039057239057239054
xgboost,MLB,MLB,intentional_walks,318791016323.13025,0.03831857369687856,0.017180329473888378,0.01517353696890219,0.020650953984287318
xgboost,MLB,MLB,hit_by_pitch,327773441659.9684,0.039398258222547444,0.012793218798526605,0.036862515536437074,0.03928170594837262
xgboost,MLB,MLB,wild_pitches,233411522533.75415,0.028055987057190316,0.011480436566525474,0.026839891254649178,0.031200897867564536
xgboost,MLB,MLB,balks,152874393928.68457,0.018375451095473404,0.007023182295060695,0.01317681993226001,0.014590347923681257
