model_name,trained_on,predicted_on,prediction_data_type,variable,permutation_importance,permutation_importance_abs,permutation_importance_standardized,permutation_importance_standardized_abs,permutation_importance_direction,adaboost_rpart_importance,adaboost_rpart_importance_standardized
adaboost,MLB,MLB,test,age,0.3640499208951058,0.3640499208951058,1,1,worsened,73.42971901966841,0.8086226935854202
adaboost,MLB,MLB,test,lefty,6.62500549433176e-5,6.62500549433176e-5,1.819806876497202e-4,1.819806876497202e-4,worsened,2.9643868494956642,0.0326444185143391
adaboost,MLB,MLB,test,games,-0.0015755317630297139,0.0015755317630297139,-0.004327790428180519,0.004327790428180519,improved,48.63781727306013,0.5356093328223518
adaboost,MLB,MLB,test,games_started,0.15447549475566924,0.15447549475566924,0.4243250331598849,0.4243250331598849,worsened,74.37335301532198,0.819014179124399
adaboost,MLB,MLB,test,games_finished,0.06001139044047643,0.06001139044047643,0.1648438496921624,0.1648438496921624,worsened,25.289339519996993,0.27849124461689284
adaboost,MLB,MLB,test,complete_games,0.0019735668852305377,0.0019735668852305377,0.00542114356288841,0.00542114356288841,worsened,15.583156436179879,0.17160482295474339
adaboost,MLB,MLB,test,shutouts,0.022430590382991333,0.022430590382991333,0.06161405097366932,0.06161405097366932,worsened,8.396916408245236,0.09246851621518755
adaboost,MLB,MLB,test,saves,0.010260226553513885,0.010260226553513885,0.028183570341909724,0.028183570341909724,worsened,14.202430047424118,0.15639998891089937
adaboost,MLB,MLB,test,holds,0.0016898626778949488,0.0016898626778949488,0.004641843277262657,0.004641843277262657,worsened,5.913045265436523,0.06511563238515287
adaboost,MLB,MLB,test,innings_pitched,0.1984322422348559,0.1984322422348559,0.5450687689945425,0.5450687689945425,worsened,85.90768619439086,0.946032553816424
adaboost,MLB,MLB,test,batters_faced,0.024527479605454428,0.024527479605454428,0.06737394570818095,0.06737394570818095,worsened,90.80838270081465,1
adaboost,MLB,MLB,test,wins,0.06801331234992403,0.06801331234992403,0.18682413714772045,0.18682413714772045,worsened,75.21691635533323,0.8283036666686329
adaboost,MLB,MLB,test,losses,0.04106790740772959,0.04106790740772959,0.11280845029921745,0.11280845029921745,worsened,49.113789248019245,0.5408508310277245
adaboost,MLB,MLB,test,era,0.005927535224018232,0.005927535224018232,0.016282204400550167,0.016282204400550167,worsened,52.06405086883554,0.5733396997099968
adaboost,MLB,MLB,test,hits_per_9,3.822419115457887e-4,3.822419115457887e-4,0.001049971142984878,0.001049971142984878,worsened,66.73919422413739,0.7349453017352182
adaboost,MLB,MLB,test,home_runs_per_9,-0.002422163261928123,0.002422163261928123,-0.006653382195421557,0.006653382195421557,improved,25.55046159483404,0.28136677292243883
adaboost,MLB,MLB,test,strikeouts_per_9,0.18684023391823068,0.18684023391823068,0.513226959255583,0.513226959255583,worsened,71.61583222843845,0.788647810900788
adaboost,MLB,MLB,test,walks_per_9,0.01947147591195808,0.01947147591195808,0.053485730374786766,0.053485730374786766,worsened,36.41244124074295,0.4009810565695307
adaboost,MLB,MLB,test,intentional_walks,0.0034171999452474733,0.0034171999452474733,0.0093866246058932,0.0093866246058932,worsened,14.294591302730165,0.15741488701353037
adaboost,MLB,MLB,test,hit_by_pitch,0.005717059326140195,0.005717059326140195,0.01570405320260311,0.01570405320260311,worsened,21.630899032410184,0.23820376917929773
adaboost,MLB,MLB,test,wild_pitches,-4.0656720586107475e-4,4.0656720586107475e-4,-0.0011167897107666712,0.0011167897107666712,improved,18.872530256731658,0.20782806273415055
adaboost,MLB,MLB,test,balks,0.004890671917454181,0.004890671917454181,0.01343406944143613,0.01343406944143613,worsened,10.07698085395721,0.11096972057257891
adaboost,MLB,NPB,full_cross_league,age,0.2272586731999915,0.2272586731999915,1,1,worsened,73.42971901966841,0.8086226935854202
adaboost,MLB,NPB,full_cross_league,lefty,-4.264326725889056e-5,4.264326725889056e-5,-1.8764197932883187e-4,1.8764197932883187e-4,improved,2.9643868494956642,0.0326444185143391
adaboost,MLB,NPB,full_cross_league,games,0.001583819996503033,0.001583819996503033,0.006969238947854125,0.006969238947854125,worsened,48.63781727306013,0.5356093328223518
adaboost,MLB,NPB,full_cross_league,games_started,0.07393401555983758,0.07393401555983758,0.325329786180589,0.325329786180589,worsened,74.37335301532198,0.819014179124399
adaboost,MLB,NPB,full_cross_league,games_finished,0.032717961932381634,0.032717961932381634,0.1439679351801428,0.1439679351801428,worsened,25.289339519996993,0.27849124461689284
adaboost,MLB,NPB,full_cross_league,complete_games,0.005793419579728898,0.005793419579728898,0.025492622561562657,0.025492622561562657,worsened,15.583156436179879,0.17160482295474339
adaboost,MLB,NPB,full_cross_league,shutouts,0.023366652565087742,0.023366652565087742,0.10281962943840955,0.10281962943840955,worsened,8.396916408245236,0.09246851621518755
adaboost,MLB,NPB,full_cross_league,saves,0.02051120596167122,0.02051120596167122,0.09025488740586375,0.09025488740586375,worsened,14.202430047424118,0.15639998891089937
adaboost,MLB,NPB,full_cross_league,holds,-6.358670188408855e-4,6.358670188408855e-4,-0.0027979879046522095,0.0027979879046522095,improved,5.913045265436523,0.06511563238515287
adaboost,MLB,NPB,full_cross_league,innings_pitched,0.09456261913547093,0.09456261913547093,0.41610125503220824,0.41610125503220824,worsened,85.90768619439086,0.946032553816424
adaboost,MLB,NPB,full_cross_league,batters_faced,3.427513182843178e-4,3.427513182843178e-4,0.0015081990643441398,0.0015081990643441398,worsened,90.80838270081465,1
adaboost,MLB,NPB,full_cross_league,wins,0.04199824867812918,0.04199824867812918,0.18480372206155585,0.18480372206155585,worsened,75.21691635533323,0.8283036666686329
adaboost,MLB,NPB,full_cross_league,losses,0.02670732324387104,0.02670732324387104,0.11751948943382302,0.11751948943382302,worsened,49.113789248019245,0.5408508310277245
adaboost,MLB,NPB,full_cross_league,era,-0.00790500081408596,0.00790500081408596,-0.034784154561746584,0.034784154561746584,improved,52.06405086883554,0.5733396997099968
adaboost,MLB,NPB,full_cross_league,hits_per_9,0.002839124708261309,0.002839124708261309,0.012492921252615214,0.012492921252615214,worsened,66.73919422413739,0.7349453017352182
adaboost,MLB,NPB,full_cross_league,home_runs_per_9,-0.0034367364781642262,0.0034367364781642262,-0.015122575652546558,0.015122575652546558,improved,25.55046159483404,0.28136677292243883
adaboost,MLB,NPB,full_cross_league,strikeouts_per_9,0.11095167354101054,0.11095167354101054,0.4882175539385077,0.4882175539385077,worsened,71.61583222843845,0.788647810900788
adaboost,MLB,NPB,full_cross_league,walks_per_9,0.018566472433066084,0.018566472433066084,0.08169753071086212,0.08169753071086212,worsened,36.41244124074295,0.4009810565695307
adaboost,MLB,NPB,full_cross_league,intentional_walks,0.005794451651732313,0.005794451651732313,0.025497163959208268,0.025497163959208268,worsened,14.294591302730165,0.15741488701353037
adaboost,MLB,NPB,full_cross_league,hit_by_pitch,-0.0025472002305473307,0.0025472002305473307,-0.011208374116950649,0.011208374116950649,improved,21.630899032410184,0.23820376917929773
adaboost,MLB,NPB,full_cross_league,wild_pitches,-6.646167599939634e-4,6.646167599939634e-4,-0.002924494588635961,0.002924494588635961,improved,18.872530256731658,0.20782806273415055
adaboost,MLB,NPB,full_cross_league,balks,-4.2374500627206935e-4,4.2374500627206935e-4,-0.0018645933301703586,0.0018645933301703586,improved,10.07698085395721,0.11096972057257891
adaboost,NPB,NPB,test,age,0.19166407503763416,0.19166407503763416,0.2823613113494061,0.2823613113494061,worsened,111.67350820716969,0.5306041938963669
adaboost,NPB,NPB,test,lefty,-0.0010750029707817799,0.0010750029707817799,-0.0015837044499593847,0.0015837044499593847,improved,6.420109750231795,0.030504433982931324
adaboost,NPB,NPB,test,games,0.05604428503578873,0.05604428503578873,0.08256496588230183,0.08256496588230183,worsened,78.83529872032571,0.37457711143520883
adaboost,NPB,NPB,test,games_started,0.006358040877759263,0.006358040877759263,0.009366725399659407,0.009366725399659407,worsened,143.7411361338639,0.6829699441927276
adaboost,NPB,NPB,test,games_finished,0.0047247168423814045,0.0047247168423814045,0.006960497125543669,0.006960497125543669,worsened,21.68505770257828,0.10303412820637105
adaboost,NPB,NPB,test,complete_games,0.01156891348448208,0.01156891348448208,0.01704343175279338,0.01704343175279338,worsened,94.61955833319502,0.4495742569766596
adaboost,NPB,NPB,test,shutouts,8.716126810675018e-4,8.716126810675018e-4,0.0012840679692668886,0.0012840679692668886,worsened,66.49577733343406,0.31594725459922324
adaboost,NPB,NPB,test,saves,0.09390636959046028,0.09390636959046028,0.13834374363801827,0.13834374363801827,worsened,16.067480931501684,0.07634283998483128
adaboost,NPB,NPB,test,holds,0.012239754579691287,0.012239754579691287,0.018031721140427188,0.018031721140427188,worsened,9.435133845411906,0.04482998401968083
adaboost,NPB,NPB,test,innings_pitched,0.6787901434572272,0.6787901434572272,1,1,worsened,210.46480501241723,1
adaboost,NPB,NPB,test,batters_faced,0.02498433156265345,0.02498433156265345,0.03680715137583284,0.03680715137583284,worsened,193.13828921649295,0.91767499656343
adaboost,NPB,NPB,test,wins,0.2945370316342675,0.2945370316342675,0.43391471498705875,0.43391471498705875,worsened,188.54768913120037,0.8958632732920653
adaboost,NPB,NPB,test,losses,0.017413748788320138,0.017413748788320138,0.02565409789191707,0.02565409789191707,worsened,59.23502238499063,0.28144858890537927
adaboost,NPB,NPB,test,era,0.019993207330073037,0.019993207330073037,0.029454180386655652,0.029454180386655652,worsened,91.44984283919631,0.4345137080463446
adaboost,NPB,NPB,test,hits_per_9,0.005660043874313736,0.005660043874313736,0.008338429673545185,0.008338429673545185,worsened,83.51182684543761,0.3967971121846738
adaboost,NPB,NPB,test,home_runs_per_9,0.02967370276916559,0.02967370276916559,0.043715576979404716,0.043715576979404716,worsened,96.84221563832645,0.4601349647634095
adaboost,NPB,NPB,test,strikeouts_per_9,0.03470515955312292,0.03470515955312292,0.05112796626120987,0.05112796626120987,worsened,85.10975430175769,0.40438948591303087
adaboost,NPB,NPB,test,walks_per_9,0.007214623639874684,0.007214623639874684,0.010628651151487001,0.010628651151487001,worsened,154.5460789962391,0.734308422670104
adaboost,NPB,NPB,test,intentional_walks,7.980757106467173e-4,7.980757106467173e-4,0.0011757326153587655,0.0011757326153587655,worsened,19.83750857890007,0.09425570502265058
adaboost,NPB,NPB,test,hit_by_pitch,0.00894757967939852,0.00894757967939852,0.013181658227720475,0.013181658227720475,worsened,29.64534139374453,0.1408565265436921
adaboost,NPB,NPB,test,wild_pitches,0.06519573945243584,0.06519573945243584,0.09604697428336191,0.09604697428336191,worsened,63.01953383221084,0.299430272099379
adaboost,NPB,NPB,test,balks,2.513692338390605e-5,2.513692338390605e-5,3.703195107677637e-5,3.703195107677637e-5,worsened,36.00293886712529,0.17106394042938033
adaboost,NPB,MLB,full_cross_league,age,0.09869108292726048,0.09869108292726048,0.09369519255461906,0.09369519255461906,worsened,111.67350820716969,0.5306041938963669
adaboost,NPB,MLB,full_cross_league,lefty,5.890413356859359e-4,5.890413356859359e-4,5.592231813932105e-4,5.592231813932105e-4,worsened,6.420109750231795,0.030504433982931324
adaboost,NPB,MLB,full_cross_league,games,0.18947073708384865,0.18947073708384865,0.17987944470749345,0.17987944470749345,worsened,78.83529872032571,0.37457711143520883
adaboost,NPB,MLB,full_cross_league,games_started,0.03694460424762647,0.03694460424762647,0.035074413069181284,0.035074413069181284,worsened,143.7411361338639,0.6829699441927276
adaboost,NPB,MLB,full_cross_league,games_finished,0.00416431987606769,0.00416431987606769,0.003953515769350373,0.003953515769350373,worsened,21.68505770257828,0.10303412820637105
adaboost,NPB,MLB,full_cross_league,complete_games,0.0037651335350519233,0.0037651335350519233,0.003574536838556667,0.003574536838556667,worsened,94.61955833319502,0.4495742569766596
adaboost,NPB,MLB,full_cross_league,shutouts,0.0010280731936140874,0.0010280731936140874,9.760305893786786e-4,9.760305893786786e-4,worsened,66.49577733343406,0.31594725459922324
adaboost,NPB,MLB,full_cross_league,saves,0.05088411529083747,0.05088411529083747,0.04830828519391539,0.04830828519391539,worsened,16.067480931501684,0.07634283998483128
adaboost,NPB,MLB,full_cross_league,holds,0.01598080543375313,0.01598080543375313,0.01517183313711325,0.01517183313711325,worsened,9.435133845411906,0.04482998401968083
adaboost,NPB,MLB,full_cross_league,innings_pitched,1.0533206692512969,1.0533206692512969,1,1,worsened,210.46480501241723,1
adaboost,NPB,MLB,full_cross_league,batters_faced,0.02073674213677168,0.02073674213677168,0.019687017203898042,0.019687017203898042,worsened,193.13828921649295,0.91767499656343
adaboost,NPB,MLB,full_cross_league,wins,0.49509106954642634,0.49509106954642634,0.4700288183828562,0.4700288183828562,worsened,188.54768913120037,0.8958632732920653
adaboost,NPB,MLB,full_cross_league,losses,0.015902605406740822,0.015902605406740822,0.015097591712545084,0.015097591712545084,worsened,59.23502238499063,0.28144858890537927
adaboost,NPB,MLB,full_cross_league,era,0.016875489853297232,0.016875489853297232,0.016021227291867703,0.016021227291867703,worsened,91.44984283919631,0.4345137080463446
adaboost,NPB,MLB,full_cross_league,hits_per_9,0.027557369962808664,0.027557369962808664,0.026162374637912038,0.026162374637912038,worsened,83.51182684543761,0.3967971121846738
adaboost,NPB,MLB,full_cross_league,home_runs_per_9,0.01701962985961525,0.01701962985961525,0.016158070715267408,0.016158070715267408,worsened,96.84221563832645,0.4601349647634095
adaboost,NPB,MLB,full_cross_league,strikeouts_per_9,0.059645034274157016,0.059645034274157016,0.05662571334193305,0.05662571334193305,worsened,85.10975430175769,0.40438948591303087
adaboost,NPB,MLB,full_cross_league,walks_per_9,0.04398694217484489,0.04398694217484489,0.041760257307122746,0.041760257307122746,worsened,154.5460789962391,0.734308422670104
adaboost,NPB,MLB,full_cross_league,intentional_walks,6.693329363149925e-4,6.693329363149925e-4,6.354503009902541e-4,6.354503009902541e-4,worsened,19.83750857890007,0.09425570502265058
adaboost,NPB,MLB,full_cross_league,hit_by_pitch,0.029335454266977257,0.029335454266977257,0.027850449652553552,0.027850449652553552,worsened,29.64534139374453,0.1408565265436921
adaboost,NPB,MLB,full_cross_league,wild_pitches,0.08423620381662533,0.08423620381662533,0.07997204106561456,0.07997204106561456,worsened,63.01953383221084,0.299430272099379
adaboost,NPB,MLB,full_cross_league,balks,-1.0093940322564166e-4,1.0093940322564166e-4,-9.582969951343464e-5,9.582969951343464e-5,improved,36.00293886712529,0.17106394042938033
