model_name,trained_on,predicted_on,prediction_data_type,top1_variable,top1_importance,top1_importance_abs,top1_importance_standardized,top1_importance_standardized_abs,top1_direction,top2_variable,top2_importance,top2_importance_abs,top2_importance_standardized,top2_importance_standardized_abs,top2_direction,top3_variable,top3_importance,top3_importance_abs,top3_importance_standardized,top3_importance_standardized_abs,top3_direction,top4_variable,top4_importance,top4_importance_abs,top4_importance_standardized,top4_importance_standardized_abs,top4_direction,top5_variable,top5_importance,top5_importance_abs,top5_importance_standardized,top5_importance_standardized_abs,top5_direction,top6_variable,top6_importance,top6_importance_abs,top6_importance_standardized,top6_importance_standardized_abs,top6_direction,top7_variable,top7_importance,top7_importance_abs,top7_importance_standardized,top7_importance_standardized_abs,top7_direction,top8_variable,top8_importance,top8_importance_abs,top8_importance_standardized,top8_importance_standardized_abs,top8_direction,top9_variable,top9_importance,top9_importance_abs,top9_importance_standardized,top9_importance_standardized_abs,top9_direction,top10_variable,top10_importance,top10_importance_abs,top10_importance_standardized,top10_importance_standardized_abs,top10_direction
adaboost,MLB,MLB,test,age,0.1734174198106606,0.1734174198106606,1,1,worsened,saves,0.16024138668467258,0.16024138668467258,0.9240212826348484,0.9240212826348484,worsened,games_finished,0.05656748478436224,0.05656748478436224,0.32619263304761054,0.32619263304761054,worsened,walks_per_9,0.04214127263236067,0.04214127263236067,0.24300484160340444,0.24300484160340444,worsened,strikeouts_per_9,0.03025670422937398,0.03025670422937398,0.17447326953894626,0.17447326953894626,worsened,era,0.03006610464195147,0.03006610464195147,0.17337418971391708,0.17337418971391708,worsened,hits_per_9,0.02964620689648511,0.02964620689648511,0.17095287733408346,0.17095287733408346,worsened,holds,0.02034909009186036,0.02034909009186036,0.1173416725613711,0.1173416725613711,worsened,games_started,0.01629631374059403,0.01629631374059403,0.09397160768731631,0.09397160768731631,worsened,wins,0.01095222441772492,0.01095222441772492,0.06315527257689972,0.06315527257689972,worsened
adaboost,MLB,NPB,full_cross_league,age,0.2067000550750837,0.2067000550750837,1,1,worsened,saves,0.19972222490816735,0.19972222490816735,0.9662417595177628,0.9662417595177628,worsened,games_finished,0.06303589306937774,0.06303589306937774,0.30496311694972683,0.30496311694972683,worsened,era,0.06001147516328187,0.06001147516328187,0.29033120064473483,0.29033120064473483,worsened,strikeouts_per_9,0.04279304412340656,0.04279304412340656,0.2070296696721344,0.2070296696721344,worsened,hits_per_9,0.04219580373118759,0.04219580373118759,0.20414026360979912,0.20414026360979912,worsened,walks_per_9,0.04042891623452016,0.04042891623452016,0.19559218898047404,0.19559218898047404,worsened,wins,0.01922010794972184,0.01922010794972184,0.09298549989616668,0.09298549989616668,worsened,losses,0.01156119250809251,0.01156119250809251,0.05593221784044959,0.05593221784044959,worsened,holds,0.01079880872863681,0.01079880872863681,0.0522438599482431,0.0522438599482431,worsened
adaboost,NPB,MLB,full_cross_league,saves,0.3066866136522126,0.3066866136522126,1,1,worsened,games_finished,0.15666470193499826,0.15666470193499826,0.510829931796953,0.510829931796953,worsened,age,0.14219421098876817,0.14219421098876817,0.4636466172925911,0.4636466172925911,worsened,home_runs_per_9,0.08886450111864508,0.08886450111864508,0.2897567000411006,0.2897567000411006,worsened,hits_per_9,0.06476889700303667,0.06476889700303667,0.21118918831092384,0.21118918831092384,worsened,batters_faced,0.05258279890762241,0.05258279890762241,0.17145449643671803,0.17145449643671803,worsened,innings_pitched,0.04304410212739995,0.04304410212739995,0.14035207345636752,0.14035207345636752,worsened,strikeouts_per_9,0.03723694109971132,0.03723694109971132,0.12141691042941503,0.12141691042941503,worsened,games,0.03630530498479789,0.03630530498479789,0.11837916416517832,0.11837916416517832,worsened,era,0.03481443755030988,0.03481443755030988,0.11351795611721742,0.11351795611721742,worsened
adaboost,NPB,NPB,test,saves,0.49603275789461165,0.49603275789461165,1,1,worsened,age,0.18985922981282424,0.18985922981282424,0.38275542651391214,0.38275542651391214,worsened,games_finished,0.18321552826276577,0.18321552826276577,0.36936175151096007,0.36936175151096007,worsened,home_runs_per_9,0.05357943629452566,0.05357943629452566,0.10801592322640367,0.10801592322640367,worsened,hits_per_9,0.05074468504019025,0.05074468504019025,0.10230107635546842,0.10230107635546842,worsened,innings_pitched,0.04677861328453792,0.04677861328453792,0.09430549200639006,0.09430549200639006,worsened,losses,0.04397682932569535,0.04397682932569535,0.08865710706759165,0.08865710706759165,worsened,batters_faced,0.0383911545141663,0.0383911545141663,0.07739640961842077,0.07739640961842077,worsened,games,0.03647022605420613,0.03647022605420613,0.07352382574288509,0.07352382574288509,worsened,holds,0.02508288221902432,0.02508288221902432,0.05056698740116978,0.05056698740116978,worsened
bagging,MLB,MLB,test,saves,0.3427688794682633,0.3427688794682633,1,1,worsened,age,0.2736688134722739,0.2736688134722739,0.7984062435796849,0.7984062435796849,worsened,holds,0.05980444009025143,0.05980444009025143,0.1744745327610428,0.1744745327610428,worsened,strikeouts_per_9,0.02598709606034521,0.02598709606034521,0.07581521432359598,0.07581521432359598,worsened,era,0.01005224669222348,0.01005224669222348,0.02932660254284904,0.02932660254284904,worsened,hits_per_9,0.00840528560438058,0.00840528560438058,0.02452172909460068,0.02452172909460068,worsened,games_started,0.00302867779897053,0.00302867779897053,0.00883591825392351,0.00883591825392351,worsened,hit_by_pitch,-0.00112421898217995,0.00112421898217995,-0.00327981637050585,0.00327981637050585,improved,games,0.0010141745535846,0.0010141745535846,0.00295877080544152,0.00295877080544152,worsened,wins,-9.207849813135384e-4,9.207849813135384e-4,-0.00268631441320446,0.00268631441320446,improved
bagging,MLB,NPB,full_cross_league,saves,0.44783378361855897,0.44783378361855897,1,1,worsened,age,0.21664540229781692,0.21664540229781692,0.4837629723851829,0.4837629723851829,worsened,holds,0.0816227706589272,0.0816227706589272,0.18226130686122857,0.18226130686122857,worsened,era,0.00851475260041145,0.00851475260041145,0.01901319844968166,0.01901319844968166,worsened,strikeouts_per_9,0.00607354883125443,0.00607354883125443,0.01356206041933532,0.01356206041933532,worsened,games_finished,0.00312619514089784,0.00312619514089784,0.00698070412561946,0.00698070412561946,worsened,intentional_walks,-0.0015229033111177,0.0015229033111177,-0.00340059943404099,0.00340059943404099,improved,hits_per_9,-0.0013087039256997,0.0013087039256997,-0.00292229834722426,0.00292229834722426,improved,wins,0.00103105079471632,0.00103105079471632,0.00230230686569756,0.00230230686569756,worsened,lefty,6.149225950755621e-4,6.149225950755621e-4,0.00137310452576155,0.00137310452576155,worsened
bagging,NPB,MLB,full_cross_league,saves,0.6249908418321064,0.6249908418321064,1,1,worsened,age,0.1412968904401206,0.1412968904401206,0.22607833744558728,0.22607833744558728,worsened,holds,0.09093187128676272,0.09093187128676272,0.1454931259795805,0.1454931259795805,worsened,strikeouts_per_9,0.01173857495012908,0.01173857495012908,0.01878199513407024,0.01878199513407024,worsened,innings_pitched,0.00847250924382969,0.00847250924382969,0.01355621343025326,0.01355621343025326,worsened,games_finished,0.00412575644276247,0.00412575644276247,0.00660130703782502,0.00660130703782502,worsened,home_runs_per_9,0.00328322208068809,0.00328322208068809,0.00525323230507445,0.00525323230507445,worsened,intentional_walks,0.00290580410499075,0.00290580410499075,0.00464935469529863,0.00464935469529863,worsened,games,0.00248409015886719,0.00248409015886719,0.00397460249431063,0.00397460249431063,worsened,hits_per_9,0.00229257819022232,0.00229257819022232,0.00366817885443222,0.00366817885443222,worsened
bagging,NPB,NPB,test,saves,0.9165852651785474,0.9165852651785474,1,1,worsened,holds,0.23611825454191293,0.23611825454191293,0.25760642627821206,0.25760642627821206,worsened,age,0.19243003521397395,0.19243003521397395,0.2099423179975398,0.2099423179975398,worsened,games_finished,0.01213645143702069,0.01213645143702069,0.01324094102108062,0.01324094102108062,worsened,losses,0.00777889662088671,0.00777889662088671,0.00848682268459924,0.00848682268459924,worsened,hits_per_9,-0.00729177372892719,0.00729177372892719,-0.00795536869939403,0.00795536869939403,improved,intentional_walks,0.00512888058714855,0.00512888058714855,0.0055956393605667,0.0055956393605667,worsened,games_started,0.00474450935105563,0.00474450935105563,0.00517628804575144,0.00517628804575144,worsened,home_runs_per_9,-0.00365476373058742,0.00365476373058742,-0.00398736906366861,0.00398736906366861,improved,strikeouts_per_9,0.00259642772152568,0.00259642772152568,0.00283271815527157,0.00283271815527157,worsened
gbm,MLB,MLB,test,saves,0.3901617244857432,0.3901617244857432,1,1,worsened,age,0.10667897160111528,0.10667897160111528,0.27342244230062457,0.27342244230062457,worsened,holds,0.03546253161733703,0.03546253161733703,0.0908918773723353,0.0908918773723353,worsened,strikeouts_per_9,0.00635976125566173,0.00635976125566173,0.01630032075556433,0.01630032075556433,worsened,era,0.00255311341989927,0.00255311341989927,0.00654373112397028,0.00654373112397028,worsened,hits_per_9,0.00238759582006831,0.00238759582006831,0.00611950294000598,0.00611950294000598,worsened,innings_pitched,-0.00231404658165701,0.00231404658165701,-0.00593099332003176,0.00593099332003176,improved,wins,0.00206320080676902,0.00206320080676902,0.00528806563352274,0.00528806563352274,worsened,hit_by_pitch,-0.00166594397461972,0.00166594397461972,-0.00426988059071026,0.00426988059071026,improved,games_finished,-0.00165224958291015,0.00165224958291015,-0.00423478132071495,0.00423478132071495,improved
gbm,MLB,NPB,full_cross_league,saves,0.45580776560487746,0.45580776560487746,1,1,worsened,age,0.15266333689147016,0.15266333689147016,0.3349292144877765,0.3349292144877765,worsened,holds,0.07839252361647686,0.07839252361647686,0.17198593251794744,0.17198593251794744,worsened,wins,0.00728344468453812,0.00728344468453812,0.01597920271251338,0.01597920271251338,worsened,games,0.00539617741747466,0.00539617741747466,0.01183871321348309,0.01183871321348309,worsened,strikeouts_per_9,0.00331037197134109,0.00331037197134109,0.00726264934724858,0.00726264934724858,worsened,games_finished,0.00311678828035055,0.00311678828035055,0.00683794466777993,0.00683794466777993,worsened,era,0.00196944510793983,0.00196944510793983,0.00432078006684746,0.00432078006684746,worsened,walks_per_9,0.00100045578015972,0.00100045578015972,0.00219490727375404,0.00219490727375404,worsened,innings_pitched,-8.896780817473915e-4,8.896780817473915e-4,-0.00195187126872827,0.00195187126872827,improved
gbm,NPB,MLB,full_cross_league,saves,0.458469319954428,0.458469319954428,1,1,worsened,age,0.08004958532020501,0.08004958532020501,0.1746018366685081,0.1746018366685081,worsened,holds,0.01539808295019051,0.01539808295019051,0.0335858524878417,0.0335858524878417,worsened,losses,-0.00642535221433016,0.00642535221433016,-0.01401479212386303,0.01401479212386303,improved,games,-0.00580823301579591,0.00580823301579591,-0.0126687496043863,0.0126687496043863,improved,strikeouts_per_9,0.00463571776530158,0.00463571776530158,0.01011129330477855,0.01011129330477855,worsened,innings_pitched,-0.00326680357408271,0.00326680357408271,-0.00712545732483785,0.00712545732483785,improved,batters_faced,0.00294248235417826,0.00294248235417826,0.00641805727473923,0.00641805727473923,worsened,games_started,0.00177357007148593,0.00177357007148593,0.00386845966413243,0.00386845966413243,worsened,intentional_walks,-0.00130739180418348,0.00130739180418348,-0.00285164513148544,0.00285164513148544,improved
gbm,NPB,NPB,test,saves,0.6407249908744763,0.6407249908744763,1,1,worsened,age,0.1517865560665389,0.1517865560665389,0.2368981360620523,0.2368981360620523,worsened,holds,0.09134492852849284,0.09134492852849284,0.1425649534971676,0.1425649534971676,worsened,games,0.02157462114007435,0.02157462114007435,0.0336722017204742,0.0336722017204742,worsened,losses,0.00652800606532066,0.00652800606532066,0.01018846799843267,0.01018846799843267,worsened,batters_faced,0.00351977784403545,0.00351977784403545,0.0054934299335376,0.0054934299335376,worsened,games_finished,0.00341032484010794,0.00341032484010794,0.00532260312720666,0.00532260312720666,worsened,innings_pitched,0.00254604319651824,0.00254604319651824,0.0039736911042651,0.0039736911042651,worsened,games_started,0.00240601509883547,0.00240601509883547,0.00375514477053828,0.00375514477053828,worsened,intentional_walks,0.00122396312781597,0.00122396312781597,0.00191027842716963,0.00191027842716963,worsened
lasso,MLB,MLB,test,saves,0.47894926477744826,0.47894926477744826,1,1,worsened,age,0.10400922189116256,0.10400922189116256,0.2171612518071036,0.2171612518071036,worsened,holds,0.03307324601713868,0.03307324601713868,0.06905375673247294,0.06905375673247294,worsened,intentional_walks,0.00880037373102338,0.00880037373102338,0.01837433393934245,0.01837433393934245,worsened,strikeouts_per_9,0.00738805545328813,0.00738805545328813,0.01542554921077312,0.01542554921077312,worsened,wins,0.00564481574679176,0.00564481574679176,0.0117858323666385,0.0117858323666385,worsened,games_started,0.00404459421547964,0.00404459421547964,0.00844472371694533,0.00844472371694533,worsened,lefty,8.39104382091449e-4,8.39104382091449e-4,0.00175196924559713,0.00175196924559713,worsened,home_runs_per_9,2.5902318144865877e-4,2.5902318144865877e-4,5.408154902774894e-4,5.408154902774894e-4,worsened,era,-6.359019123292065e-5,6.359019123292065e-5,-1.3277020325413563e-4,1.3277020325413563e-4,improved
lasso,MLB,NPB,full_cross_league,saves,0.4894271925138835,0.4894271925138835,1,1,worsened,age,0.17712549560983143,0.17712549560983143,0.3619036668151759,0.3619036668151759,worsened,holds,0.07434285930128864,0.07434285930128864,0.15189768864176825,0.15189768864176825,worsened,wins,0.01061538525650357,0.01061538525650357,0.02168940634863161,0.02168940634863161,worsened,strikeouts_per_9,0.01016914230343962,0.01016914230343962,0.0207776405949311,0.0207776405949311,worsened,intentional_walks,-0.00637416869978113,0.00637416869978113,-0.01302373222673016,0.01302373222673016,improved,games_started,0.00315877790266916,0.00315877790266916,0.00645403024389487,0.00645403024389487,worsened,era,1.8245094741786705e-4,1.8245094741786705e-4,3.727846556312694e-4,3.727846556312694e-4,worsened,home_runs_per_9,1.713402263758268e-4,1.713402263758268e-4,3.500831768168795e-4,3.500831768168795e-4,worsened,lefty,-8.637181126791571e-5,8.637181126791571e-5,-1.764753013094294e-4,1.764753013094294e-4,improved
lasso,NPB,MLB,full_cross_league,saves,0.5779280370275777,0.5779280370275777,1,1,worsened,age,0.09225682674030676,0.09225682674030676,0.15963376204208007,0.15963376204208007,worsened,holds,0.08082464345036677,0.08082464345036677,0.13985243537598083,0.13985243537598083,worsened,batters_faced,0.05110065690550258,0.05110065690550258,0.08842044966069738,0.08842044966069738,worsened,games_started,0.02632353862159853,0.02632353862159853,0.0455481252596548,0.0455481252596548,worsened,games_finished,-0.00510819175467025,0.00510819175467025,-0.00883880245876789,0.00883880245876789,improved,losses,-0.00486790682732585,0.00486790682732585,-0.00842303282665202,0.00842303282665202,improved,hit_by_pitch,-0.00414860098074232,0.00414860098074232,-0.00717840408310967,0.00717840408310967,improved,strikeouts_per_9,0.00257026802063009,0.00257026802063009,0.00444738420002877,0.00444738420002877,worsened,wild_pitches,-0.00140131245187935,0.00140131245187935,-0.00242471789236362,0.00242471789236362,improved
lasso,NPB,NPB,test,saves,0.7433063028716153,0.7433063028716153,1,1,worsened,holds,0.2300945034759747,0.2300945034759747,0.3095554317070239,0.3095554317070239,worsened,age,0.1314963213225714,0.1314963213225714,0.17690731373400392,0.17690731373400392,worsened,games_started,0.02555219344993276,0.02555219344993276,0.03437639819710524,0.03437639819710524,worsened,batters_faced,0.01936499300738881,0.01936499300738881,0.02605250746909589,0.02605250746909589,worsened,wins,0.01177839417718507,0.01177839417718507,0.01584594955226613,0.01584594955226613,worsened,losses,0.00679640076450949,0.00679640076450949,0.0091434725338033,0.0091434725338033,worsened,games_finished,0.00452136346340659,0.00452136346340659,0.00608277293753491,0.00608277293753491,worsened,walks_per_9,-0.00126772032057365,0.00126772032057365,-0.00170551536516785,0.00170551536516785,improved,strikeouts_per_9,-0.0010331871283189,0.0010331871283189,-0.00138998838611671,0.00138998838611671,improved
lightgbm,MLB,MLB,test,age,0.3008431975406175,0.3008431975406175,1,1,worsened,saves,0.2874898179055426,0.2874898179055426,0.9556134898703434,0.9556134898703434,worsened,strikeouts_per_9,0.0716164942542884,0.0716164942542884,0.23805256306192296,0.23805256306192296,worsened,games_finished,0.0370487645330661,0.0370487645330661,0.12314974988943889,0.12314974988943889,worsened,holds,0.02614789177383997,0.02614789177383997,0.08691534988192541,0.08691534988192541,worsened,walks_per_9,0.01314123299257358,0.01314123299257358,0.0436813366564466,0.0436813366564466,worsened,intentional_walks,0.01279466425527703,0.01279466425527703,0.04252934538614454,0.04252934538614454,worsened,batters_faced,0.01139469113842639,0.01139469113842639,0.037875847722592997,0.037875847722592997,worsened,wins,0.0085771467176442,0.0085771467176442,0.02851035618475695,0.02851035618475695,worsened,losses,0.0078327957901968,0.0078327957901968,0.02603614060158125,0.02603614060158125,worsened
lightgbm,MLB,NPB,full_cross_league,saves,0.3647322609479065,0.3647322609479065,1,1,worsened,age,0.24023616146841287,0.24023616146841287,0.6586644154922315,0.6586644154922315,worsened,holds,0.0987092159395716,0.0987092159395716,0.2706347271914889,0.2706347271914889,worsened,strikeouts_per_9,0.01196200503338118,0.01196200503338118,0.03279667392813842,0.03279667392813842,worsened,walks_per_9,0.01170282005886647,0.01170282005886647,0.03208605684743074,0.03208605684743074,worsened,games_finished,0.00871434411502469,0.00871434411502469,0.02389244124546838,0.02389244124546838,worsened,intentional_walks,-0.00535658969167074,0.00535658969167074,-0.01468636110704725,0.01468636110704725,improved,wins,0.00475451016578643,0.00475451016578643,0.01303561728658135,0.01303561728658135,worsened,games_started,0.00449679730266894,0.00449679730266894,0.01232903634842218,0.01232903634842218,worsened,innings_pitched,-0.00283109960051464,0.00283109960051464,-0.00776213103046291,0.00776213103046291,improved
lightgbm,NPB,MLB,full_cross_league,saves,0.6032662453155178,0.6032662453155178,1,1,worsened,age,0.20290900720550145,0.20290900720550145,0.33635067232939053,0.33635067232939053,worsened,holds,0.04188252315016938,0.04188252315016938,0.06942626655377372,0.06942626655377372,worsened,strikeouts_per_9,0.03748331576587616,0.03748331576587616,0.06213395172851382,0.06213395172851382,worsened,games,0.01830974937917395,0.01830974937917395,0.03035102580552583,0.03035102580552583,worsened,batters_faced,0.01171810949985974,0.01171810949985974,0.01942444085153643,0.01942444085153643,worsened,games_started,0.01074376088107753,0.01074376088107753,0.01780931879498475,0.01780931879498475,worsened,innings_pitched,0.00927715160300546,0.00927715160300546,0.0153782043584311,0.0153782043584311,worsened,games_finished,0.00913266364432086,0.00913266364432086,0.01513869492158364,0.01513869492158364,worsened,hits_per_9,0.00810937902471364,0.00810937902471364,0.0134424544513879,0.0134424544513879,worsened
lightgbm,NPB,NPB,test,saves,0.8898958926396214,0.8898958926396214,1,1,worsened,age,0.2352778207839138,0.2352778207839138,0.2643880286783092,0.2643880286783092,worsened,holds,0.17463560064833916,0.17463560064833916,0.1962427314169668,0.1962427314169668,worsened,games_finished,0.06303080801173966,0.06303080801173966,0.07082941783760437,0.07082941783760437,worsened,losses,0.04120447825405687,0.04120447825405687,0.04630258280194505,0.04630258280194505,worsened,innings_pitched,0.01865628436708821,0.01865628436708821,0.02096456958774097,0.02096456958774097,worsened,walks_per_9,0.01526765447731531,0.01526765447731531,0.01715667484656906,0.01715667484656906,worsened,games,0.01425899624979637,0.01425899624979637,0.0160232184098537,0.0160232184098537,worsened,home_runs_per_9,0.00986100666863026,0.00986100666863026,0.01108107897810429,0.01108107897810429,worsened,wins,-0.00854319634890182,0.00854319634890182,-0.00960022000277007,0.00960022000277007,improved
linear_regression,MLB,MLB,test,batters_faced,1.0148515941167555,1.0148515941167555,1,1,worsened,innings_pitched,0.9544945611046692,0.9544945611046692,0.9405262470276587,0.9405262470276587,worsened,saves,0.3729157081273371,0.3729157081273371,0.36745836562624967,0.36745836562624967,worsened,age,0.14494934201637494,0.14494934201637494,0.14282811679724172,0.14282811679724172,worsened,holds,0.06195096288041862,0.06195096288041862,0.06104435686908065,0.06104435686908065,worsened,games,0.05394979499857205,0.05394979499857205,0.05316028009546121,0.05316028009546121,worsened,strikeouts_per_9,0.01183834573849135,0.01183834573849135,0.01166510040198979,0.01166510040198979,worsened,shutouts,0.0051423870539225,0.0051423870539225,0.00506713206515482,0.00506713206515482,worsened,intentional_walks,0.00477333410046892,0.00477333410046892,0.00470347992567647,0.00470347992567647,worsened,hits_per_9,0.00472628183072293,0.00472628183072293,0.00465711623070987,0.00465711623070987,worsened
linear_regression,MLB,NPB,full_cross_league,innings_pitched,0.7900629495913395,0.7900629495913395,1,1,worsened,batters_faced,0.5581240372778556,0.5581240372778556,0.7064298326690874,0.7064298326690874,worsened,saves,0.4517985449272092,0.4517985449272092,0.5718513254683089,0.5718513254683089,worsened,age,0.2084505273353674,0.2084505273353674,0.2638404034048028,0.2638404034048028,worsened,holds,0.13826910331727493,0.13826910331727493,0.175010236068904,0.175010236068904,worsened,complete_games,0.02865809080878367,0.02865809080878367,0.03627317395861569,0.03627317395861569,worsened,shutouts,0.02739647576625281,0.02739647576625281,0.03467632013426735,0.03467632013426735,worsened,games_finished,0.01901965284353651,0.01901965284353651,0.02407359167187177,0.02407359167187177,worsened,wins,0.01495999721677587,0.01495999721677587,0.01893519652391489,0.01893519652391489,worsened,strikeouts_per_9,0.00813580737313457,0.00813580737313457,0.01029766979623943,0.01029766979623943,worsened
linear_regression,NPB,MLB,full_cross_league,saves,0.5418623096190228,0.5418623096190228,1,1,worsened,batters_faced,0.2410057231631605,0.2410057231631605,0.4447729965433633,0.4447729965433633,worsened,age,0.09733581707528438,0.09733581707528438,0.17963201231641315,0.17963201231641315,worsened,holds,0.0804774697243672,0.0804774697243672,0.14852014671577726,0.14852014671577726,worsened,games_started,0.05665075424701038,0.05665075424701038,0.104548246374325,0.104548246374325,worsened,games,-0.00810161316970192,0.00810161316970192,-0.01495142405346125,0.01495142405346125,improved,losses,-0.00670393095924659,0.00670393095924659,-0.01237201931236009,0.01237201931236009,improved,innings_pitched,-0.00414569251119167,0.00414569251119167,-0.00765082279685861,0.00765082279685861,improved,wild_pitches,-0.00383775125078345,0.00383775125078345,-0.0070825211177388,0.0070825211177388,improved,wins,0.00293101565724962,0.00293101565724962,0.00540915211340384,0.00540915211340384,worsened
linear_regression,NPB,NPB,test,saves,0.6801230710640122,0.6801230710640122,1,1,worsened,holds,0.23040796942864103,0.23040796942864103,0.33877393552931745,0.33877393552931745,worsened,batters_faced,0.1411946928868152,0.1411946928868152,0.2076016810691695,0.2076016810691695,worsened,age,0.13753177252638982,0.13753177252638982,0.2022160082163211,0.2022160082163211,worsened,games_started,0.02759549124225546,0.02759549124225546,0.0405742613599094,0.0405742613599094,worsened,games_finished,0.01601819155747674,0.01601819155747674,0.02355190147044598,0.02355190147044598,worsened,games,0.00981958966330998,0.00981958966330998,0.01443795995325936,0.01443795995325936,worsened,losses,0.00657685151337628,0.00657685151337628,0.00967009030157907,0.00967009030157907,worsened,wins,0.00554108849212586,0.00554108849212586,0.00814718501381987,0.00814718501381987,worsened,innings_pitched,0.00413489924214882,0.00413489924214882,0.00607963384579797,0.00607963384579797,worsened
random_forest,MLB,MLB,test,saves,0.18927161963355457,0.18927161963355457,1,1,worsened,age,0.17122347546403693,0.17122347546403693,0.9046442134089606,0.9046442134089606,worsened,games_finished,0.06475686379562923,0.06475686379562923,0.3421372095880188,0.3421372095880188,worsened,strikeouts_per_9,0.03474673669346029,0.03474673669346029,0.1835813354412713,0.1835813354412713,worsened,games,0.02480393710598943,0.02480393710598943,0.13104942597316968,0.13104942597316968,worsened,batters_faced,0.01978078409383893,0.01978078409383893,0.10451003764925856,0.10451003764925856,worsened,wins,0.0157601371779712,0.0157601371779712,0.08326730234825551,0.08326730234825551,worsened,hits_per_9,0.01030612695306054,0.01030612695306054,0.0544515177342174,0.0544515177342174,worsened,holds,0.00882327219584894,0.00882327219584894,0.04661698469602322,0.04661698469602322,worsened,innings_pitched,0.00844456419164257,0.00844456419164257,0.04461611417491936,0.04461611417491936,worsened
random_forest,MLB,NPB,full_cross_league,saves,0.21585643270366336,0.21585643270366336,1,1,worsened,age,0.17032295145185955,0.17032295145185955,0.7890566397235238,0.7890566397235238,worsened,games_finished,0.08324894380218079,0.08324894380218079,0.3856681163468887,0.3856681163468887,worsened,holds,0.06138798511947069,0.06138798511947069,0.2843926602073827,0.2843926602073827,worsened,games,0.02337647531601117,0.02337647531601117,0.1082964034159842,0.1082964034159842,worsened,wins,0.01527451010864805,0.01527451010864805,0.07076235772698762,0.07076235772698762,worsened,innings_pitched,0.00784686344176843,0.00784686344176843,0.03635223348910309,0.03635223348910309,worsened,strikeouts_per_9,0.00527888124021624,0.00527888124021624,0.0244555196900864,0.0244555196900864,worsened,home_runs_per_9,-0.00384651013377668,0.00384651013377668,-0.01781976142938177,0.01781976142938177,improved,walks_per_9,0.00239390121570387,0.00239390121570387,0.01109024728019258,0.01109024728019258,worsened
random_forest,NPB,MLB,full_cross_league,saves,0.14907954065632123,0.14907954065632123,1,1,worsened,games_finished,0.103769024825054,0.103769024825054,0.6960648279986099,0.6960648279986099,worsened,age,0.10205128807327946,0.10205128807327946,0.6845425443625575,0.6845425443625575,worsened,games,0.043548844694411,0.043548844694411,0.29211818404247586,0.29211818404247586,worsened,batters_faced,0.02418027108738385,0.02418027108738385,0.16219711290315522,0.16219711290315522,worsened,strikeouts_per_9,0.02387547431910952,0.02387547431910952,0.1601525884370047,0.1601525884370047,worsened,innings_pitched,0.02055816097785845,0.02055816097785845,0.13790061927579966,0.13790061927579966,worsened,hits_per_9,0.02052607069349576,0.02052607069349576,0.1376853631499664,0.1376853631499664,worsened,holds,0.01619844229621125,0.01619844229621125,0.108656373804868,0.108656373804868,worsened,era,0.01118026264093352,0.01118026264093352,0.07499528501169596,0.07499528501169596,worsened
random_forest,NPB,NPB,test,saves,0.2563940901678706,0.2563940901678706,1,1,worsened,games_finished,0.16625408779161643,0.16625408779161643,0.6484318249409095,0.6484318249409095,worsened,age,0.15149737592717516,0.15149737592717516,0.5908770199343685,0.5908770199343685,worsened,games,0.05327143810742618,0.05327143810742618,0.20777170828137037,0.20777170828137037,worsened,holds,0.04736210542597252,0.04736210542597252,0.18472385769485877,0.18472385769485877,worsened,losses,0.02382313459744001,0.02382313459744001,0.0929160831353099,0.0929160831353099,worsened,innings_pitched,0.02377447917759617,0.02377447917759617,0.09272631503335411,0.09272631503335411,worsened,batters_faced,0.01298804441997519,0.01298804441997519,0.05065656705063462,0.05065656705063462,worsened,era,0.01024869627728891,0.01024869627728891,0.03997243567735402,0.03997243567735402,worsened,home_runs_per_9,0.00859492286236485,0.00859492286236485,0.03352231268956877,0.03352231268956877,worsened
regression_tree,MLB,MLB,test,saves,0.387009283453612,0.387009283453612,1,1,worsened,age,0.20085728524150204,0.20085728524150204,0.5189986231055808,0.5189986231055808,worsened,holds,0.06320785346258928,0.06320785346258928,0.1633238688708757,0.1633238688708757,worsened,strikeouts_per_9,0.03670049774048722,0.03670049774048722,0.09483105266358877,0.09483105266358877,worsened,era,0.00955377836583881,0.00955377836583881,0.02468617362504163,0.02468617362504163,worsened,hits_per_9,0.00176852285235706,0.00176852285235706,0.00456971687235778,0.00456971687235778,worsened,games_started,0.00118743899327111,0.00118743899327111,0.00306824421025405,0.00306824421025405,worsened,lefty,0,0,0,0,no_change,games,0,0,0,0,no_change,games_finished,0,0,0,0,no_change
regression_tree,MLB,NPB,full_cross_league,saves,0.4499986089311528,0.4499986089311528,1,1,worsened,age,0.22431564523765957,0.22431564523765957,0.4984807525749008,0.4984807525749008,worsened,holds,0.0896992112828735,0.0896992112828735,0.19933219681707273,0.19933219681707273,worsened,strikeouts_per_9,-0.0112562600450351,0.0112562600450351,-0.025013988536034,0.025013988536034,improved,games_started,0.00618382667069949,0.00618382667069949,0.01374187952577779,0.01374187952577779,worsened,hits_per_9,0.00587578163089275,0.00587578163089275,0.01305733287675942,0.01305733287675942,worsened,era,0.00473402726634497,0.00473402726634497,0.01052009311226394,0.01052009311226394,worsened,lefty,0,0,0,0,no_change,games,0,0,0,0,no_change,games_finished,0,0,0,0,no_change
regression_tree,NPB,MLB,full_cross_league,saves,0.6896107191462534,0.6896107191462534,1,1,worsened,age,0.16685593827548473,0.16685593827548473,0.2419567063604441,0.2419567063604441,worsened,holds,0.0964436348967176,0.0964436348967176,0.1398522850922561,0.1398522850922561,worsened,wild_pitches,-0.01309692103268678,0.01309692103268678,-0.01899175965376659,0.01899175965376659,improved,hits_per_9,0.01075432426789069,0.01075432426789069,0.01559477538458897,0.01559477538458897,worsened,lefty,0,0,0,0,no_change,games,0,0,0,0,no_change,games_started,0,0,0,0,no_change,games_finished,0,0,0,0,no_change,complete_games,0,0,0,0,no_change
regression_tree,NPB,NPB,test,saves,0.9398563019110796,0.9398563019110796,1,1,worsened,age,0.23326947941184772,0.23326947941184772,0.2481969625968604,0.2481969625968604,worsened,holds,0.1861581092886575,0.1861581092886575,0.1980708209437213,0.1980708209437213,worsened,hits_per_9,-0.01833385402055504,0.01833385402055504,-0.01950708207549968,0.01950708207549968,improved,wild_pitches,0.01796397909266733,0.01796397909266733,0.01911353794845004,0.01911353794845004,worsened,lefty,0,0,0,0,no_change,games,0,0,0,0,no_change,games_started,0,0,0,0,no_change,games_finished,0,0,0,0,no_change,complete_games,0,0,0,0,no_change
svm_regression,MLB,MLB,test,saves,0.2102416450035111,0.2102416450035111,1,1,worsened,age,0.17775880171837527,0.17775880171837527,0.845497578348032,0.845497578348032,worsened,games_finished,0.07648242173905567,0.07648242173905567,0.3637834061742543,0.3637834061742543,worsened,strikeouts_per_9,0.05568501597392089,0.05568501597392089,0.26486196858377387,0.26486196858377387,worsened,holds,0.03908520091624462,0.03908520091624462,0.1859060839996371,0.1859060839996371,worsened,era,0.02602597148417723,0.02602597148417723,0.12379075270145735,0.12379075270145735,worsened,walks_per_9,0.02471971534330114,0.02471971534330114,0.11757763473972206,0.11757763473972206,worsened,home_runs_per_9,0.02261363567503704,0.02261363567503704,0.10756021089284852,0.10756021089284852,worsened,games_started,0.01552096305188727,0.01552096305188727,0.0738243988322488,0.0738243988322488,worsened,games,0.0137454738371569,0.0137454738371569,0.06537940585904069,0.06537940585904069,worsened
svm_regression,MLB,NPB,full_cross_league,saves,0.2853191677984521,0.2853191677984521,1,1,worsened,age,0.212409196359832,0.212409196359832,0.7444617128207688,0.7444617128207688,worsened,games_finished,0.11646560968149676,0.11646560968149676,0.4081941307349089,0.4081941307349089,worsened,holds,0.11183581520909323,0.11183581520909323,0.3919674099431464,0.3919674099431464,worsened,walks_per_9,0.03913530289480516,0.03913530289480516,0.13716324492594245,0.13716324492594245,worsened,strikeouts_per_9,0.03898418124043379,0.03898418124043379,0.13663358666450337,0.13663358666450337,worsened,era,0.03685110264175295,0.03685110264175295,0.1291574727562095,0.1291574727562095,worsened,games,0.02341123526777111,0.02341123526777111,0.0820527952903209,0.0820527952903209,worsened,home_runs_per_9,0.01831380457659059,0.01831380457659059,0.06418708114811049,0.06418708114811049,worsened,losses,0.01798568612462303,0.01798568612462303,0.06303707620978351,0.06303707620978351,worsened
svm_regression,NPB,MLB,full_cross_league,saves,0.22505764248364,0.22505764248364,1,1,worsened,age,0.0962698828228392,0.0962698828228392,0.427756559432712,0.427756559432712,worsened,games_finished,0.071347576550803593,0.071347576550803593,0.31701912347184574,0.31701912347184574,worsened,holds,0.0406375380756836,0.0406375380756836,0.1805650215972454,0.1805650215972454,worsened,wins,0.01587007407200502,0.01587007407200502,0.07051559723486688,0.07051559723486688,worsened,balks,-0.01404887408454813,0.01404887408454813,-0.06242344818647685,0.06242344818647685,improved,wild_pitches,-0.01345792868844131,0.01345792868844131,-0.05979769689189559,0.05979769689189559,improved,games,0.00958037516306287,0.00958037516306287,0.04256853958540551,0.04256853958540551,worsened,games_started,0.00894186550764974,0.00894186550764974,0.03973144572639765,0.03973144572639765,worsened,strikeouts_per_9,0.00688327996054383,0.00688327996054383,0.03058451996823077,0.03058451996823077,worsened
svm_regression,NPB,NPB,test,saves,0.4553132626968961,0.4553132626968961,1,1,worsened,games_finished,0.17908721890989954,0.17908721890989954,0.3933274814995201,0.3933274814995201,worsened,age,0.15835370086016431,0.15835370086016431,0.347790661581455,0.347790661581455,worsened,holds,0.13761909755561874,0.13761909755561874,0.3022514581290208,0.3022514581290208,worsened,games,0.0558885908340393,0.0558885908340393,0.122747557369627,0.122747557369627,worsened,losses,0.03153941871744692,0.03153941871744692,0.06926971230891388,0.06926971230891388,worsened,games_started,0.02737064321766169,0.02737064321766169,0.0601138720527068,0.0601138720527068,worsened,batters_faced,0.02332301682104676,0.02332301682104676,0.05122411036942051,0.05122411036942051,worsened,intentional_walks,0.02019168313393504,0.02019168313393504,0.0443467932700584,0.0443467932700584,worsened,innings_pitched,0.01977091373859407,0.01977091373859407,0.04342266162309367,0.04342266162309367,worsened
xgboost,MLB,MLB,test,saves,0.3865439600160767,0.3865439600160767,1,1,worsened,age,0.2365979484952293,0.2365979484952293,0.6120854882466382,0.6120854882466382,worsened,strikeouts_per_9,0.09349201262949867,0.09349201262949867,0.2418664428894718,0.2418664428894718,worsened,holds,0.07686017197822925,0.07686017197822925,0.19883940748946788,0.19883940748946788,worsened,innings_pitched,0.05017724318035421,0.05017724318035421,0.12980992686644824,0.12980992686644824,worsened,wins,0.04305151214235547,0.04305151214235547,0.11137546203170506,0.11137546203170506,worsened,games,0.04224364018388704,0.04224364018388704,0.10928547475461806,0.10928547475461806,worsened,games_started,0.0298583409534564,0.0298583409534564,0.07724436038843958,0.07724436038843958,worsened,hits_per_9,0.01862924348464734,0.01862924348464734,0.0481943722102721,0.0481943722102721,worsened,losses,0.01644714615539322,0.01644714615539322,0.04254922559056199,0.04254922559056199,worsened
xgboost,MLB,NPB,full_cross_league,saves,0.47195579914259234,0.47195579914259234,1,1,worsened,age,0.23318053944498052,0.23318053944498052,0.49407283450823647,0.49407283450823647,worsened,holds,0.16406378056178517,0.16406378056178517,0.3476253091070006,0.3476253091070006,worsened,innings_pitched,0.04118026590185375,0.04118026590185375,0.08725449708779175,0.08725449708779175,worsened,wins,0.03481550096265706,0.03481550096265706,0.07376856270419135,0.07376856270419135,worsened,batters_faced,0.02389074163146187,0.02389074163146187,0.05062071845470374,0.05062071845470374,worsened,games_started,0.02374987655013893,0.02374987655013893,0.05032224753522601,0.05032224753522601,worsened,strikeouts_per_9,0.02079951113410549,0.02079951113410549,0.04407088793461636,0.04407088793461636,worsened,era,0.02006250115637609,0.02006250115637609,0.0425092798792257,0.0425092798792257,worsened,games,0.01796845417723158,0.01796845417723158,0.0380723241665323,0.0380723241665323,worsened
xgboost,NPB,MLB,full_cross_league,saves,0.755780599867195,0.755780599867195,1,1,worsened,holds,0.18234015139104057,0.18234015139104057,0.24126069314703388,0.24126069314703388,worsened,age,0.16774882894640475,0.16774882894640475,0.22195439916806728,0.22195439916806728,worsened,strikeouts_per_9,0.05927478207508507,0.05927478207508507,0.07842855728964303,0.07842855728964303,worsened,home_runs_per_9,0.05090494784188726,0.05090494784188726,0.06735413405799544,0.06735413405799544,worsened,era,0.04747406247579855,0.04747406247579855,0.06281460847783159,0.06281460847783159,worsened,innings_pitched,0.04538216535746609,0.04538216535746609,0.06004674553096572,0.06004674553096572,worsened,games,0.04168061439171344,0.04168061439171344,0.0551490927380744,0.0551490927380744,worsened,batters_faced,0.03161862623375855,0.03161862623375855,0.04183572089481331,0.04183572089481331,worsened,games_finished,0.02592850784313438,0.02592850784313438,0.03430692432127857,0.03430692432127857,worsened
xgboost,NPB,NPB,test,saves,1.190358246183944,1.190358246183944,1,1,worsened,holds,0.326709368951563,0.326709368951563,0.2744630618546386,0.2744630618546386,worsened,age,0.24409369762816943,0.24409369762816943,0.20505902186227223,0.20505902186227223,worsened,games_finished,0.03825845678288597,0.03825845678288597,0.0321402879389756,0.0321402879389756,worsened,innings_pitched,0.03792122735529968,0.03792122735529968,0.03185698715228606,0.03185698715228606,worsened,games,0.03709147727323081,0.03709147727323081,0.0311599280234659,0.0311599280234659,worsened,hits_per_9,0.03623372384792633,0.03623372384792633,0.03043934375561691,0.03043934375561691,worsened,home_runs_per_9,0.02848073580385324,0.02848073580385324,0.02392618851942842,0.02392618851942842,worsened,losses,0.02528531689399804,0.02528531689399804,0.02124177068126996,0.02124177068126996,worsened,strikeouts_per_9,0.01345978792635094,0.01345978792635094,0.01130734211276343,0.01130734211276343,worsened
