model_name,trained_on,predicted_on,mse,rmse,mae,r_squared,n_obs
adaboost,NPB,NPB,5899117470342317,76805712.48509005,71429765.86297047,0.30757362497403296,1569
adaboost,NPB,MLB,20723255700768760,143955742.15976506,131604283.575197,-715.6609391807218,2758
adaboost,MLB,NPB,12016905481138490,109621646.95505396,61457317.529903546,-0.4105198520231481,1569
adaboost,MLB,MLB,20160523499181.316,4490047.160017511,4181006.50987384,0.3027997186386935,2758
bagging,NPB,NPB,2956172977243003.5,54370699.62068728,29997487.41390498,0.6530104462450536,1569
bagging,NPB,MLB,9366742476706998,96781932.59440006,72553314.08385867,-322.924896616113,2758
bagging,MLB,NPB,12425167953872850,111468237.42157608,64909655.21159275,-0.4584408682557981,1569
bagging,MLB,MLB,10365712717132.309,3219582.6930104326,1951364.3902931935,0.6415282657125161,2758
gbm,NPB,NPB,3901077713251095,62458607.9996272,34529526.17985658,0.5420994558488925,1569
gbm,NPB,MLB,8891083906308811,94292544.27741788,70290406.05091812,-306.47545823089564,2758
gbm,MLB,NPB,12403514665595014,111371067.4528848,64714921.39839973,-0.45589924944841287,1569
gbm,MLB,MLB,14946225837795.629,3866034.898677924,2385701.413535265,0.4831229030424769,2758
lasso,NPB,NPB,4313954475648161,65680700.93755213,38226045.74363188,0.49363682370834905,1569
lasso,NPB,MLB,5372895374969054,73300036.66417265,55000632.73374299,-184.8078817896479,2758
lasso,MLB,NPB,12151764552054218,110235042.30531332,64143151.272383474,-0.42634933466746205,1569
lasso,MLB,MLB,16591400351895.236,4073254.2704691584,2659572.006696945,0.4262287388524793,2758
lightgbm,NPB,NPB,525135615997540.06,22915837.667376246,12648555.296296146,0.9383606526212972,1569
lightgbm,NPB,MLB,8612453264786766,92803304.16955404,64808701.4466007,-296.8397282027064,2758
lightgbm,MLB,NPB,12297975008962828,110896235.32367016,64756397.832114846,-0.4435112198438642,1569
lightgbm,MLB,MLB,2719834253950.992,1649192.000329553,1002404.5919583156,0.9059414698637284,2758
linear_regression,NPB,NPB,4307827113247425,65634039.287913896,38356796.91942323,0.4943560410077057,1569
linear_regression,NPB,MLB,5602412397982435,74849264.51196721,56103580.85164731,-192.74514259682027,2758
linear_regression,MLB,NPB,12162296405856872,110282801.94960986,64192217.89910379,-0.42758554218282985,1569
linear_regression,MLB,MLB,16563935883000.676,4069881.556384741,2665953.2497208687,0.4271785274550196,2758
random_forest,NPB,NPB,919202955542662,30318360.04045506,15483116.011859754,0.8921058321656665,1569
random_forest,NPB,MLB,8987734837754550,94803664.6852565,75032824.30769753,-309.8178841654454,2758
random_forest,MLB,NPB,12295827885745250,110886554.1251294,64484989.68277379,-0.44325919490051136,1569
random_forest,MLB,MLB,2929657772100.2456,1711624.3081062636,956704.8412209308,0.8986852586896577,2758
regression_tree,NPB,NPB,3705188650459650,60870260.8049255,33095475.620545648,0.565092514444155,1569
regression_tree,NPB,MLB,11539359755685500,107421411.99819288,74867917.29628366,-398.0593234704449,2758
regression_tree,MLB,NPB,12362639701468036,111187408.01668164,64678185.75649458,-0.4511014295402562,1569
regression_tree,MLB,MLB,13489062639193.633,3672745.9263054985,2159452.332111222,0.5335151754502792,2758
svm_regression,NPB,NPB,3627108727152797,60225482.373765975,25195097.79088291,0.5742573765662408,1569
svm_regression,NPB,MLB,5018437835173449,70840933.33076188,56067745.96080247,-172.54987189788187,2758
svm_regression,MLB,NPB,12458736953949762,111618712.3826008,65205393.37645427,-0.4623811290072335,1569
svm_regression,MLB,MLB,11256691121903.115,3355099.271542217,1650154.279765192,0.6107160502202781,2758
xgboost,NPB,NPB,11177900029421.38,3343336.6610949277,2294071.8091140874,0.9986879608964074,1569
xgboost,NPB,MLB,10447170828710358,102211402.63547096,73951288.09853147,-360.2887552995493,2758
xgboost,MLB,NPB,12346684557875148,111115635.973859,64862477.9289313,-0.4492286473323088,1569
xgboost,MLB,MLB,607996284843.64,779741.165287328,388280.4733148465,0.9789739993171892,2758
