model_name,trained_on,predicted_on,top1_variable,top1_importance,top2_variable,top2_importance,top3_variable,top3_importance,top4_variable,top4_importance,top5_variable,top5_importance,top6_variable,top6_importance,top7_variable,top7_importance,top8_variable,top8_importance,top9_variable,top9_importance,top10_variable,top10_importance
adaboost,MLB,MLB,age,1,strikeouts_per_9,0.462360427940328,innings_pitched,0.22601569725248147,hits_per_9,0.16382887269506705,walks_per_9,0.10896386811539696,era,0.0901986495435212,wins,0.08175408867705322,batters_faced,0.06598862822486143,earned_runs,0.04866261945166473,wild_pitches,0.04047312037019018
adaboost,MLB,NPB,age,1,walks_per_9,0.483391698210995,wins,0.281957877647971,era,0.25495743639873786,innings_pitched,0.22119607766236657,games_started,0.16247666183400591,strikeouts_per_9,0.15028204098952103,hits_per_9,0.09515061600689652,batters_faced,0.07892881151143737,earned_runs,0.07567485550485553
adaboost,NPB,MLB,innings_pitched,1,wins,0.8124774638248168,wild_pitches,0.17416512525988304,earned_runs,0.12106338906914886,losses,0.12078710639077755,games,0.09578549660326344,home_runs_per_9,0.0336183149359382,batters_faced,0.02760642428763385,walks_per_9,0.02577966130249089,hit_by_pitch,0.02334484033368531
adaboost,NPB,NPB,innings_pitched,1,age,0.6849471194248621,wins,0.6622787077117683,strikeouts_per_9,0.18455784910064033,walks_per_9,0.1767165819067483,hits_per_9,0.1129099028277165,wild_pitches,0.1112312644576234,batters_faced,0.1050249834811704,earned_runs,0.07855162597250707,losses,0.0517259714553433
bagging,MLB,MLB,age,1,strikeouts_per_9,0.28061013873554724,wins,0.21448761166582944,innings_pitched,0.17360543604232284,era,0.066017054765699107,hits_per_9,0.042568659113054,walks_per_9,0.02582407536733158,batters_faced,0.01788921149356717,games_started,0.00752858323755736,games_finished,0.00439424660499895
bagging,MLB,NPB,wins,1,age,0.9922642328293216,innings_pitched,0.5256698383287313,era,0.3723200470313416,walks_per_9,0.2216252875288817,strikeouts_per_9,0.14152535325859275,batters_faced,0.07369021668396707,hits_per_9,0.06741322685005789,games_started,0.03304255750300926,games_finished,0.01947315791700353
bagging,NPB,MLB,age,1,earned_runs,0.4873567653320299,innings_pitched,0.4828436495014935,wild_pitches,0.35101744804219215,strikeouts_per_9,0.3060790472104937,losses,0.29145576125252637,games,0.2705901447209527,wins,0.19954616839277903,home_runs_per_9,0.1320593000833631,era,0.09584235277628932
bagging,NPB,NPB,innings_pitched,1,age,0.8441815914680934,strikeouts_per_9,0.13612960957034265,era,0.1289701599866809,wins,0.0990065709063492,walks_per_9,0.08112346548560714,hits_per_9,0.05444708371698414,hit_by_pitch,0.02839369297385871,batters_faced,0.02707317434847782,home_runs_per_9,0.0112611696353591
gbm,MLB,MLB,age,1,innings_pitched,0.48164835752613416,strikeouts_per_9,0.215470756486977,wins,0.13468328180897787,walks_per_9,0.02483465384990588,era,0.01890355217625022,hits_per_9,0.00901151320087921,earned_runs,0.00672640058961465,batters_faced,0.00551639955915506,wild_pitches,0.00534862007393398
gbm,MLB,NPB,age,1,wins,0.3316899589304063,innings_pitched,0.30171379163944495,walks_per_9,0.11422388613999555,era,0.06846556269146803,strikeouts_per_9,0.05123945628279798,games_started,0.02172483506020579,hits_per_9,0.01609900419615202,games_finished,0.00914031660163315,wild_pitches,0.00139049127680833
gbm,NPB,MLB,games_started,0.3770887823573787,games,0.361617687222687,earned_runs,0.14550981961794485,wild_pitches,0.02915004937837216,lefty,0.00338318499176838,games_finished,0,saves,0,holds,0,losses,0,home_runs_per_9,0
gbm,NPB,NPB,age,1,innings_pitched,0.5849442754809049,wins,0.4101390447202714,strikeouts_per_9,0.06867676426243143,walks_per_9,0.02869236428517661,era,0.02205026849429268,shutouts,0.02176661319908717,complete_games,0.01658087706923445,earned_runs,0.01190288937729913,games_started,0.0103434444321344
lasso,MLB,MLB,innings_pitched,1,batters_faced,0.19569671187180837,age,0.03665026178684788,games,0.03563425660439486,games_started,0.0186022051638712,strikeouts_per_9,0.00713347159397667,earned_runs,0.00662236519629138,intentional_walks,0.00184921890722068,era,9.349387153234732e-4,wins,8.092389649886288e-4
lasso,MLB,NPB,innings_pitched,1,age,0.19072096209790584,strikeouts_per_9,0.02107664374247333,shutouts,0.02098388762940268,wins,0.01797123473044719,walks_per_9,0.00432156844713621,wild_pitches,0.00352054966534423,games_finished,0.00346977561308484,complete_games,0.00221629980528083,home_runs_per_9,0.00135096904694579
lasso,NPB,MLB,innings_pitched,1,games_started,0.4938585040260171,games,0.2280694873253661,earned_runs,0.05580215579818272,wild_pitches,0.0062716679844177,era,0.00401731242212971,intentional_walks,0.00290209902650649,balks,0.00220523277455812,walks_per_9,9.293492095372664e-4,lefty,2.133485231194775e-4
lasso,NPB,NPB,innings_pitched,1,games_started,0.2031267513790201,games,0.09230417859259038,age,0.07644519376505135,wins,0.02931242413235616,earned_runs,0.01199444960719452,strikeouts_per_9,0.00468737120116821,shutouts,0.00191946425284297,wild_pitches,9.897120539926806e-4,lefty,7.210551899226448e-4
lightgbm,MLB,MLB,age,1,strikeouts_per_9,0.4301582752923062,innings_pitched,0.3359500034086296,wins,0.1292246680053363,hits_per_9,0.10681572228066435,walks_per_9,0.09922082629698913,era,0.08013679487873285,home_runs_per_9,0.04816156761362091,intentional_walks,0.04283334129699812,losses,0.0412780787012742
lightgbm,MLB,NPB,age,1,wins,0.47686373065775933,walks_per_9,0.4683582238279887,strikeouts_per_9,0.35238151347077756,innings_pitched,0.29923032080571127,era,0.11888602562794803,earned_runs,0.0842237600551851,games_finished,0.07377364309606706,games_started,0.02677823083624859,shutouts,0.0099689392098214
lightgbm,NPB,MLB,games_started,1,games,0.933202288489462,innings_pitched,0.618410262121088,batters_faced,0.38721254421984863,earned_runs,0.1654378676579088,strikeouts_per_9,0.09926261561465648,home_runs_per_9,0.05366090184507047,complete_games,0.04373506968152731,intentional_walks,0.03426614830425598,wild_pitches,0.02819365941049165
lightgbm,NPB,NPB,age,1,innings_pitched,0.7419731968838489,wins,0.24273462381959737,strikeouts_per_9,0.19538697577674388,walks_per_9,0.1413882336089974,era,0.1161616851139934,hits_per_9,0.0975065055777458,hit_by_pitch,0.09196156832354718,batters_faced,0.07882117193918062,complete_games,0.06194981281798416
linear_regression,MLB,MLB,innings_pitched,1,batters_faced,0.4295711801508879,games,0.01788806317766475,age,0.01765654255570234,games_started,0.0096699407353966,strikeouts_per_9,0.00400929504396725,intentional_walks,7.089184453951827e-4,earned_runs,4.88380869231034e-4,hits_per_9,2.2934825562014895e-4,wins,1.659559317197898e-4
linear_regression,MLB,NPB,innings_pitched,1,age,0.11732263544974514,strikeouts_per_9,0.02254386005276419,shutouts,0.01471786058199111,wins,0.01197383123417437,wild_pitches,0.00303806871685304,games_finished,0.00151701934796447,hit_by_pitch,0.00119182304861075,home_runs_per_9,7.039564324385726e-4,walks_per_9,3.0297750358975747e-4
linear_regression,NPB,MLB,innings_pitched,1,games_started,0.24891346972626155,batters_faced,0.22696075690152984,games,0.07331686933665636,earned_runs,0.00888384649006315,wild_pitches,0.00229441071523843,balks,0.0012046532567216,intentional_walks,0.00102441382066124,walks_per_9,9.468998462833708e-4,era,5.663514382136134e-4
linear_regression,NPB,NPB,innings_pitched,1,batters_faced,0.12012019785282968,games_started,0.12006963766483034,games,0.03110966270628305,age,0.02938642332923059,wins,0.01252305122897517,earned_runs,0.00142434994172144,strikeouts_per_9,0.00132805312658764,shutouts,0.0010904934633571,lefty,6.807433669746505e-4
random_forest,MLB,MLB,age,1,innings_pitched,0.37762563443525193,strikeouts_per_9,0.29569044046348986,batters_faced,0.258243185175891,games_started,0.21542373962752975,wins,0.21526647161650744,era,0.2037246072634628,hits_per_9,0.18636163963772664,earned_runs,0.1727699489958335,walks_per_9,0.15780641192159953
random_forest,MLB,NPB,age,1,walks_per_9,0.22781598498695377,wins,0.20879723135211928,era,0.169006837181903,innings_pitched,0.06031427369877676,hits_per_9,0.02945652284412657,strikeouts_per_9,0.02862745433387883,games_finished,0.02806989879452305,holds,0.00394398683462159,complete_games,0.00377271302769037
random_forest,NPB,MLB,games,1,wins,0.7701516933140797,earned_runs,0.62060786078008,innings_pitched,0.3837373624722905,batters_faced,0.3220575334167859,losses,0.1848433035495547,home_runs_per_9,0.18441706973387464,games_started,0.1762361953557822,wild_pitches,0.11645911555565408,strikeouts_per_9,0.04894397148060969
random_forest,NPB,NPB,age,1,innings_pitched,0.7661044323192342,wins,0.5108081853710128,batters_faced,0.4525264801071006,walks_per_9,0.2510380750139726,games_started,0.24547984893196337,games,0.22854795169430508,era,0.22605781113566928,strikeouts_per_9,0.1949057812629219,earned_runs,0.1884971808176258
regression_tree,MLB,MLB,age,1,wins,0.6828261190643855,strikeouts_per_9,0.45765900781610513,innings_pitched,0.21359014050688785,walks_per_9,0.1094535749674545,era,0.05288220002515693,hits_per_9,0.04235686983460497,lefty,0,games,0,games_started,0
regression_tree,MLB,NPB,wins,1,age,0.972521477191559,strikeouts_per_9,0.22622477354710377,era,0.1894943872771561,hits_per_9,0.16589615732393062,walks_per_9,0.16369614969567226,innings_pitched,0.1290211845234957,lefty,0,games,0,games_started,0
regression_tree,NPB,MLB,strikeouts_per_9,1,age,0.25133642791379046,batters_faced,0.16297533775605286,innings_pitched,0.13617933743334737,lefty,0,games,0,games_started,0,games_finished,0,complete_games,0,shutouts,0
regression_tree,NPB,NPB,innings_pitched,1,age,0.7304536019277478,strikeouts_per_9,0.2270243935391603,era,0.1695312635388315,batters_faced,0.04281855212447951,lefty,0,games,0,games_started,0,games_finished,0,complete_games,0
svm_regression,MLB,MLB,age,1,strikeouts_per_9,0.38552615318137295,innings_pitched,0.328081633983327,batters_faced,0.25908570907291884,wins,0.16897990401922292,games_started,0.12205251062080764,complete_games,0.07084130412124659,games,0.06211940310182085,intentional_walks,0.05960747558811753,shutouts,0.05818580274293722
svm_regression,MLB,NPB,age,1,innings_pitched,0.6710830638065339,wins,0.5878955693180996,batters_faced,0.5778902719694958,games_started,0.22821281796342432,walks_per_9,0.22499979476638163,complete_games,0.14415710108002253,home_runs_per_9,0.09705405980917704,strikeouts_per_9,0.09343521462255988,era,0.07666242098494887
svm_regression,NPB,MLB,games,0.565212603423445,wild_pitches,0.3200150248118291,earned_runs,0.3147743383256542,balks,0.1464562592251621,intentional_walks,0.0236221509885541,lefty,0.01842117060636745,saves,-0.0462286657315405,complete_games,-0.06991985357452514,holds,-0.07411963410429258,shutouts,-0.11767451161608226
svm_regression,NPB,NPB,age,1,batters_faced,0.4970408348346866,innings_pitched,0.47060347957068216,wins,0.37903006206670614,complete_games,0.2234976590689952,strikeouts_per_9,0.1935610988341102,losses,0.11462883969266252,shutouts,0.105908223605354,games_started,0.10494365211211336,games,0.09591299827033004
xgboost,MLB,MLB,age,1,innings_pitched,0.6058223429091143,strikeouts_per_9,0.43493587843584514,batters_faced,0.21949718040202948,wins,0.13311488939702465,games,0.13266384653685642,era,0.1181493614672792,earned_runs,0.11011518317156806,hits_per_9,0.091417903283306165,walks_per_9,0.09048014720463124
xgboost,MLB,NPB,age,1,walks_per_9,0.4434691706607149,wins,0.4331291365890803,strikeouts_per_9,0.393726171474043,innings_pitched,0.156147796602426,era,0.07275875243904502,games_finished,0.03930315983649265,losses,0.02738608541233231,shutouts,0.0152076587431822,holds,2.9668887966986687e-6
xgboost,NPB,MLB,games,1,earned_runs,0.47479749435354746,batters_faced,0.3579881626735387,innings_pitched,0.25531393093025406,losses,0.08242592855551628,home_runs_per_9,0.07897806538803377,wild_pitches,0.05563706330752766,strikeouts_per_9,0.03730191070374696,complete_games,0.02977935703727505,games_started,0.02880360773916339
xgboost,NPB,NPB,age,1,innings_pitched,0.913386655622868,wins,0.24627366006184645,strikeouts_per_9,0.20739948139003184,walks_per_9,0.16035572810849263,earned_runs,0.09844656085055686,batters_faced,0.09250604051233637,games,0.07894901945543499,era,0.07386222371498181,hits_per_9,0.06568036137554506
