model_name,trained_on,predicted_on,variable,permutation_importance,permutation_importance_standardized,coefficient,standardized_coefficient
lasso,NPB,NPB,age,954526154739651.5,0.2610810524042984,4881210.3414228195,0.3001357711984156
lasso,NPB,NPB,lefty,-839901370426,-2.2972899445216583e-4,-1265725.2090065894,-0.008096528997231168
lasso,NPB,NPB,games,511924405526739.5,0.14002105849348911,-907086.9626430256,-0.22130292509632854
lasso,NPB,NPB,games_started,198129621775972,0.054192218734797515,-1239264.5670409778,-0.13700094183165396
lasso,NPB,NPB,games_finished,25713938230536.5,0.007033251023403009,-419578.0822859332,-0.04829852752377071
lasso,NPB,NPB,complete_games,100835199489695,0.027580344311620722,7157555.220796686,0.09334464342489697
lasso,NPB,NPB,shutouts,26513334784544,0.007251901180417903,8096889.958550478,0.0550152796212502
lasso,NPB,NPB,saves,1464638275663241,0.40060641660057306,5144213.68217196,0.36044938230459195
lasso,NPB,NPB,holds,351240363119625.5,0.09607091769544196,1880899.8546780548,0.18934362350957282
lasso,NPB,NPB,innings_pitched,3656052961137582,1,934002.3686213453,0.5888792960696123
lasso,NPB,NPB,batters_faced,3531843707,9.660264073146976e-7,-9.118949758058893,-2.36524365930966e-5
lasso,NPB,NPB,wins,322173669566214,0.08812062434291695,3835303.9315041313,0.17234914948071453
lasso,NPB,NPB,losses,4478188848685,0.0012248697970971432,605924.9287219621,0.02384350121557786
lasso,NPB,NPB,era,5328771752173.5,0.0014575203939374694,355539.5974680538,0.024216545524528545
lasso,NPB,NPB,hits_per_9,-433360515034,-1.185323406527349e-4,-150643.2059538941,-0.010039212244385427
lasso,NPB,NPB,home_runs_per_9,-27186756842,-7.436094917383481e-6,37225.28924147764,6.977864945837244e-4
lasso,NPB,NPB,strikeouts_per_9,12174755810453,0.003330027201428948,1148693.920171706,0.04140334232364904
lasso,NPB,NPB,walks_per_9,-16936065401,-4.632335904600884e-6,148060.95454805382,0.006240743986753167
lasso,NPB,NPB,earned_runs,391708075784046.5,0.1071396065504933,-799884.6046543956,-0.18462580167478582
lasso,NPB,NPB,intentional_walks,-1172745191418.5,-3.207681080893314e-4,-502303.91020467394,-0.007338883045366144
lasso,NPB,NPB,hit_by_pitch,-832971648535.5,-2.2783358375539522e-4,199668.90278693833,0.005914702045287435
lasso,NPB,NPB,wild_pitches,7213941777993.5,0.0019731502400744433,-1134827.0430376017,-0.027232482160328295
lasso,NPB,NPB,balks,5188573135449.5,0.0014191734065676866,-6135890.882916686,-0.027791062850349005
lasso,NPB,MLB,age,-135404279671804.5,-0.06680944135877384,4881210.3414228195,0.3001357711984156
lasso,NPB,MLB,lefty,-3629524508216.5,-0.001790833387095786,-1265725.2090065894,-0.008096528997231168
lasso,NPB,MLB,games,1515535844917115.5,0.7477762401862525,-907086.9626430256,-0.22130292509632854
lasso,NPB,MLB,games_started,785753735297725.5,0.3876965205830359,-1239264.5670409778,-0.13700094183165396
lasso,NPB,MLB,games_finished,199019693439550.5,0.09819774212690215,-419578.0822859332,-0.04829852752377071
lasso,NPB,MLB,complete_games,-85326770863322,-0.04210083985634686,7157555.220796686,0.09334464342489697
lasso,NPB,MLB,shutouts,-48428755954750.5,-0.023895095035988047,8096889.958550478,0.0550152796212502
lasso,NPB,MLB,saves,321514934168685,0.15863777121651543,5144213.68217196,0.36044938230459195
lasso,NPB,MLB,holds,103964368125174,0.05129676382826419,1880899.8546780548,0.18934362350957282
lasso,NPB,MLB,innings_pitched,2026723722245618.5,1,934002.3686213453,0.5888792960696123
lasso,NPB,MLB,batters_faced,100788972780,4.973000102269755e-5,-9.118949758058893,-2.36524365930966e-5
lasso,NPB,MLB,wins,-417067709245648,-0.20578419479076074,3835303.9315041313,0.17234914948071453
lasso,NPB,MLB,losses,-75198042240436,-0.037103252611617066,605924.9287219621,0.02384350121557786
lasso,NPB,MLB,era,34653337924515.5,0.01709820511999507,355539.5974680538,0.024216545524528545
lasso,NPB,MLB,hits_per_9,-10945423936292,-0.005400550561555782,-150643.2059538941,-0.010039212244385427
lasso,NPB,MLB,home_runs_per_9,635568165159,3.135938846439256e-4,37225.28924147764,6.977864945837244e-4
lasso,NPB,MLB,strikeouts_per_9,-23677773471690.5,-0.011682783011714801,1148693.920171706,0.04140334232364904
lasso,NPB,MLB,walks_per_9,8334305096805,0.004112205825257008,148060.95454805382,0.006240743986753167
lasso,NPB,MLB,earned_runs,1472084157005104.5,0.7263368661684332,-799884.6046543956,-0.18462580167478582
lasso,NPB,MLB,intentional_walks,18459484766324.5,0.009108041990978085,-502303.91020467394,-0.007338883045366144
lasso,NPB,MLB,hit_by_pitch,-17027980062759.5,-0.008401727317768021,199668.90278693833,0.005914702045287435
lasso,NPB,MLB,wild_pitches,91933803243469,0.0453607969524361,-1134827.0430376017,-0.027232482160328295
lasso,NPB,MLB,balks,45086145157484.5,0.022245826928758133,-6135890.882916686,-0.027791062850349005
lasso,MLB,NPB,age,70971932386873,0.11024106773503158,309295.2277946475,0.2955894555837301
lasso,MLB,NPB,lefty,-877492265832,-0.0013630132513123472,276193.4812519399,0.03352305997430501
lasso,MLB,NPB,games,-25236978246770,-0.03920072815777351,-33740.794440308266,-0.19671570260716426
lasso,MLB,NPB,games_started,26670903191289,0.04142805115179852,63806.791430089455,0.1780244714887545
lasso,MLB,NPB,games_finished,4280886442084,0.0066495229361269136,14836.489435440868,0.040658393375919775
lasso,MLB,NPB,complete_games,25142680876786,0.03905425556780688,467729.0818536692,0.05457284542917432
lasso,MLB,NPB,shutouts,6580202314255,0.010221062110606543,259629.0455100521,0.01796481582784364
lasso,MLB,NPB,saves,27417358668028,0.04258752428441382,119705.44865238135,0.1961838963565858
lasso,MLB,NPB,holds,6596528407553,0.010246421515325895,42967.75348424833,0.07376234249665417
lasso,MLB,NPB,innings_pitched,643788506815415,1,159347.83127865457,2.2557168127215985
lasso,MLB,NPB,batters_faced,-333212220166653,-0.5175802559988704,-30821.68361209233,-1.8218646695727483
lasso,MLB,NPB,wins,20987120792454,0.032599402707994225,90744.23001397714,0.09206682378382225
lasso,MLB,NPB,losses,-3080355603353,-0.004784732207461091,-19159.451332790235,-0.01790778645815022
lasso,MLB,NPB,era,-573047764587,-8.901180411276004e-4,6369.774941501734,0.0074438556754457645
lasso,MLB,NPB,hits_per_9,-2250092067817,-0.003495079585914601,26504.989052665358,0.030255081739272455
lasso,MLB,NPB,home_runs_per_9,496411763830,7.710789468509875e-4,-31876.715959863443,-0.011054457960236378
lasso,MLB,NPB,strikeouts_per_9,6005598980940,0.009328527796570165,130086.2331816844,0.09190144479891899
lasso,MLB,NPB,walks_per_9,-1711669742422,-0.002658745417635678,20309.99117544993,0.01626248027027229
lasso,MLB,NPB,earned_runs,-28883252671150,-0.04486450498165124,-32776.967032453605,-0.209129029461998
lasso,MLB,NPB,intentional_walks,-4778844412059,-0.007423003612938333,-144203.2496428035,-0.06174788968717288
lasso,MLB,NPB,hit_by_pitch,686976547545,0.0010670842058725471,7168.318058616548,0.005229570506649027
lasso,MLB,NPB,wild_pitches,2786775080469,0.004328712070760864,48138.153676699905,0.033610232756025295
lasso,MLB,NPB,balks,35304794753,5.483911933693852e-5,29365.184757142957,0.004291039075645063
lasso,MLB,MLB,age,2461225232554.657,0.01766326803373912,309295.2277946475,0.2955894555837301
lasso,MLB,MLB,lefty,34242667304.21875,2.457464691911893e-4,276193.4812519399,0.03352305997430501
lasso,MLB,MLB,games,943369538415.7139,0.006770200789224789,-33740.794440308266,-0.19671570260716426
lasso,MLB,MLB,games_started,758697793456.2988,0.005444882615848708,63806.791430089455,0.1780244714887545
lasso,MLB,MLB,games_finished,47511906887.28223,3.409747044048659e-4,14836.489435440868,0.040658393375919775
lasso,MLB,MLB,complete_games,57872121487.37305,4.1532598479480384e-4,467729.0818536692,0.05457284542917432
lasso,MLB,MLB,shutouts,6581613022.84375,4.723370839009771e-5,259629.0455100521,0.01796481582784364
lasso,MLB,MLB,saves,980840606146.9619,0.007039116248116148,119705.44865238135,0.1961838963565858
lasso,MLB,MLB,holds,189388222765.89648,0.0013591665227953632,42967.75348424833,0.07376234249665417
lasso,MLB,MLB,innings_pitched,139341441677349.84,1,159347.83127865457,2.2557168127215985
lasso,MLB,MLB,batters_faced,87818243965309.69,0.6302378022516518,-30821.68361209233,-1.8218646695727483
lasso,MLB,MLB,wins,242919437989.82227,0.0017433394908623885,90744.23001397714,0.09206682378382225
lasso,MLB,MLB,losses,5991358192.575195,4.299767621500861e-5,-19159.451332790235,-0.01790778645815022
lasso,MLB,MLB,era,950845286.8603516,6.823851364062016e-6,6369.774941501734,0.0074438556754457645
lasso,MLB,MLB,hits_per_9,36873041867.862305,2.646236569967689e-4,26504.989052665358,0.030255081739272455
lasso,MLB,MLB,home_runs_per_9,6300014855.9375,4.5212786519931466e-5,-31876.715959863443,-0.011054457960236378
lasso,MLB,MLB,strikeouts_per_9,251665001056.4375,0.001806103037452253,130086.2331816844,0.09190144479891899
lasso,MLB,MLB,walks_per_9,2863463148.084961,2.0549975036970074e-5,20309.99117544993,0.01626248027027229
lasso,MLB,MLB,earned_runs,1132926874076.6338,0.008130580970304347,-32776.967032453605,-0.209129029461998
lasso,MLB,MLB,intentional_walks,110941829410.69727,7.961868922498096e-4,-144203.2496428035,-0.06174788968717288
lasso,MLB,MLB,hit_by_pitch,1364481203.5878906,9.792357443433061e-6,7168.318058616548,0.005229570506649027
lasso,MLB,MLB,wild_pitches,26582738166.28711,1.907741002697561e-4,48138.153676699905,0.033610232756025295
lasso,MLB,MLB,balks,3230788.4287109375,2.3186127470906648e-8,29365.184757142957,0.004291039075645063
